 de,45594
 le,39373
le ,38051
de ,37182
es ,31600
us ,26889
is ,21012
e d,20924
 qu,20340
bus,20222
re ,20027
 bu,19911
 pa,19853
ns ,19647
er ,19490
 la,18867
la ,18676
s l,18444
s d,17990
ur ,17475
on ,17314
nt ,16931
e l,16563
e b,16318
e m,15935
 à ,15770
our,15133
ent,14981
ans,14491
et ,14413
e p,14372
 un,14082
 en,13392
dan,13143
les,13110
en ,12692
est,12410
que,12367
 da,12331
ais,12317
ne ,12273
 po,12171
 re,12036
 es,12020
pas,11975
 et,11810
 co,11733
 ma,11700
e s,11677
ue ,11292
st ,11013
as ,10908
je ,10829
s p,10499
te ,10195
e c,10168
un ,10046
lle,10032
 je,9996
 mo,9944
it ,9922
 a ,9854
t d,9733
 me,9723
 tr,9650
pou,9469
me ,9313
r l,9122
 su,9010
e t,8818
 pr,8759
s e,8407
eur,8107
in ,8089
 il,8016
il ,7988
tra,7969
ui ,7906
 vo,7832
ce ,7815
par,7723
t l,7707
e r,7601
rai,7539
s a,7492
tro,7475
snc,7423
des,7405
ncf,7393
se ,7390
 j ,7349
 fa,7253
ait,7158
ain,7096
qui,7094
 av,7040
 au,6911
s c,6886
end,6805
 c ,6680
rs ,6642
 ch,6633
t p,6620
 l ,6582
cf ,6543
ren,6351
du ,6333
rer,6320
mai,6284
e e,6229
tre,6186
 to,6180
ont,6166
 so,6156
s m,6134
 du,6105
r d,6103
ai ,6077
n d,6025
c e,6022
men,6017
s s,5978
ire,5935
e v,5932
 . ,5928
j a,5899
tou,5872
 ai,5829
ant,5828
e j,5753
ous,5736
s q,5726
 se,5698
ion,5693
ien,5636
mon,5495
fai,5469
ir ,5425
une,5264
e f,5232
 pe,5170
 pl,5106
 on,5103
ro ,5083
pre,5042
e a,4996
 : ,4968
 sn,4919
out,4877
ill,4876
 mé,4874
n p,4872
che,4843
sur,4811
étr,4761
 ce,4739
e q,4727
sse,4706
mét,4705
s t,4635
res,4610
n a,4551
 d ,4547
arr,4530
a s,4526
l a,4449
a p,4443
con,4412
ter,4405
voi,4385
cha,4372
 sa,4329
ave,4328
 ca,4327
au ,4326
and,4320
à l,4302
ati,4302
 ar,4278
ut ,4261
oir,4240
n b,4236
ass,4223
tio,4214
uis,4190
nd ,4168
 ..,4157
ell,4142
 ! ,4134
oi ,4119
com,4118
ens,4117
nce,4091
ec ,4083
 vi,4067
s j,4030
 di,3998
s b,3952
ort,3931
ux ,3906
...,3892
ran,3819
 y ,3804
y a,3794
vai,3793
ois,3782
e à,3777
sui,3760
son,3706
 no,3703
 ? ,3694
tai,3677
cou,3667
ntr,3648
t e,3618
t a,3613
 va,3609
 bo,3602
ris,3588
 al,3574
ndr,3552
eme,3550
dre,3527
 te,3514
ez ,3500
nne,3487
nte,3481
urs,3471
air,3468
 h ,3458
 ra,3456
rt ,3445
ard,3438
 dé,3418
r a,3409
ure,3392
 mi,3391
moi,3382
a m,3343
tte,3336
vou,3335
mme,3332
s à,3317
jou,3314
a c,3306
anc,3297
all,3290
ie ,3273
t q,3259
ret,3236
ser,3229
tes,3225
n c,3219
ava,3170
 ga,3167
vec,3163
 fo,3162
per,3160
ten,3143
plu,3131
n e,3112
qu ,3107
 gr,3096
n m,3077
art,3053
t c,3030
ute,3022
s g,3020
onn,3010
t m,3004
omm,2997
e .,2995
lus,2990
gar,2988
 ou,2957
té ,2948
 ét,2938
ler,2930
e n,2901
qua,2895
 do,2859
s v,2846
rat,2843
 li,2842
ts ,2830
age,2818
t t,2813
min,2803
s i,2800
vie,2799
a d,2781
ça ,2776
 in,2775
ée ,2769
s r,2765
eux,2757
a f,2740
.. ,2732
 si,2731
t s,2728
rd ,2712
 ça,2708
i p,2697
gen,2691
s .,2670
gne,2667
r p,2641
ve ,2638
ite,2626
a l,2595
 fr,2588
r m,2577
n t,2569
leu,2568
ign,2567
n s,2556
ver,2522
ons,2509
r e,2500
por,2481
t j,2477
ls ,2469
si ,2467
fra,2466
mer,2456
i d,2456
ers,2444
ond,2441
rou,2420
r c,2401
ine,2396
l e,2393
uan,2390
s u,2379
 ba,2377
 tu,2368
a v,2366
s f,2363
s o,2347
tu ,2346
 bi,2340
ins,2340
ari,2339
ier,2332
nde,2316
man,2303
ouv,2289
bon,2281
a r,2279
 ge,2272
tar,2266
mat,2256
ess,2251
éta,2247
aut,2245
e g,2231
 ré,2225
ste,2212
r s,2211
rêt,2192
ils,2185
ère,2175
ma ,2163
 ve,2154
 ne,2153
lig,2134
ge ,2129
ble,2125
ssi,2109
ar ,2108
enc,2105
n r,2102
ema,2089
pri,2088
u m,2085
ett,2076
 jo,2065
rte,2064
eta,2057
é d,2056
 el,2041
ou ,2032
 ap,2027
ise,2026
à c,2019
mar,2019
era,2016
d a,2014
rie,2009
erc,1998
t u,1993
rri,1976
are,1974
r u,1964
int,1963
 fi,1941
tin,1930
iqu,1928
ale,1925
rrê,1924
ds ,1924
lai,1921
e u,1915
 ju,1914
t à,1901
r à,1897
att,1893
onc,1890
 m ,1874
rop,1873
ule,1854
pro,1848
ive,1845
u d,1842
 st,1832
e h,1808
eau,1806
 cr,1800
uve,1798
 ta,1794
oit,1793
oup,1770
non,1768
 an,1767
 lo,1766
 pu,1763
mdr,1763
ès ,1760
van,1757
os ,1746
s n,1746
a g,1734
rti,1726
pla,1723
n v,1708
al ,1708
atp,1699
peu,1695
ven,1694
i m,1688
hau,1686
 he,1685
lie,1680
dem,1671
a u,1665
i l,1654
lem,1653
i e,1650
bou,1643
u c,1639
nou,1628
u b,1625
eu ,1622
nes,1622
rde,1614
omp,1613
 s ,1605
heu,1603
i j,1602
oul,1600
 eu,1596
à p,1593
riv,1592
n j,1582
ace,1576
met,1565
bie,1561
rès,1555
don,1553
 at,1550
mes,1541
n l,1532
ann,1527
sta,1517
sai,1517
u p,1515
ail,1513
 md,1506
rre,1500
 as,1500
n f,1494
ême,1494
soi,1493
use,1489
arc,1485
oin,1483
ieu,1477
car,1476
mêm,1474
el ,1469
tp ,1469
 n ,1468
va ,1466
aus,1462
c l,1460
à h,1456
i a,1454
r j,1450
dir,1450
i s,1450
t i,1442
op ,1440
ors,1433
roi,1433
he ,1429
a t,1426
 mê,1424
emp,1417
t b,1412
 ro,1403
fin,1402
ect,1398
 bl,1397
ffe,1397
 pi,1394
tur,1394
erd,1392
iss,1389
jus,1373
! !,1372
i c,1370
u l,1368
eil,1368
ces,1366
u t,1362
cor,1358
s h,1350
uff,1346
r t,1345
ra ,1345
der,1342
ime,1339
tem,1338
aux,1335
sen,1332
uit,1331
e i,1330
rem,1319
auf,1316
e o,1310
ête,1303
ang,1302
à m,1295
fic,1294
apr,1283
 t ,1278
avo,1276
t r,1270
orm,1263
rav,1260
pré,1258
lor,1257
app,1255
ore,1253
uss,1249
prè,1245
u i,1244
san,1240
êt ,1240
dev,1237
feu,1234
és ,1224
quo,1222
ève,1218
pen,1215
gra,1214
 ri,1211
ide,1211
r q,1210
alo,1209
ps ,1209
err,1209
mal,1207
 be,1205
tat,1199
her,1197
n g,1195
 ac,1191
let,1186
cro,1182
 êt,1181
lac,1180
sou,1179
pe ,1179
han,1178
t f,1175
eul,1172
t v,1171
ram,1170
uoi,1169
dr ,1165
uro,1165
an ,1165
ert,1161
nts,1160
dit,1157
h d,1154
lan,1154
rci,1153
i t,1152
 na,1151
: l,1147
toi,1147
l d,1142
ger,1134
 fe,1133
i v,1130
tan,1130
ci ,1129
m a,1129
ist,1126
nti,1126
ars,1121
êtr,1121
sa ,1119
r r,1116
nan,1110
dis,1110
e :,1107
erm,1105
ses,1104
uel,1103
 cl,1100
nco,1098
oui,1096
 ja,1094
nse,1091
lis,1091
rec,1088
ali,1083
r .,1079
t .,1075
l y,1073
gue,1072
d e,1071
 ha,1070
sem,1069
ner,1059
rèv,1057
n .,1055
a j,1050
a b,1050
ein,1047
 lu,1045
grè,1042
sti,1041
pos,1041
inu,1040
d l,1034
e !,1031
ina,1028
sor,1027
lon,1019
s ?,1019
squ,1019
nda,1018
c d,1018
 ex,1017
foi,1015
nge,1014
ére,1012
nc ,1011
u s,1011
ura,1011
? ?,1009
ord,1008
ité,1006
 ho,1001
e ?,996
fau,996
lou,995
ah ,995
tit,993
t o,993
mec,988
tie,986
cti,984
ust,981
ssa,978
u r,977
ple,976
mps,975
 - ,970
lui,967
nds,967
r b,966
ame,966
o d,962
sé ,960
u e,960
l m,959
rch,958
ros,956
 éc,947
for,946
pui,945
enn,944
cen,944
uil,938
 im,934
vra,932
len,930
esp,929
d u,927
d d,926
nal,926
o e,925
d j,924
itu,921
a e,919
otr,919
uta,914
voy,910
oss,908
aim,908
rap,907
ama,907
teu,906
arl,905
spo,902
upe,899
s y,898
den,898
née,892
s :,889
avi,889
urn,887
fon,886
é l,886
bli,885
sup,885
s !,885
ic ,885
tel,885
là ,884
col,883
tir,880
ndu,879
hez,878
 là,874
oya,874
ton,871
vu ,868
bil,867
l h,866
rce,864
ujo,864
put,862
 br,860
n i,859
di ,856
aur,856
cho,854
eus,853
 vu,852
gro,852
fer,851
env,849
eva,848
mis,846
lla,845
ole,841
raf,841
r v,840
ièr,838
up ,837
chi,835
rmi,835
eut,828
doi,827
eve,826
a a,824
ena,822
 pt,821
veu,821
n q,820
ate,820
s é,818
erv,817
seu,814
afi,814
cul,813
u a,808
isa,808
reg,808
déj,806
éri,805
uer,803
rep,802
l s,801
ice,797
ara,797
t n,796
cas,796
ues,795
nfo,795
rma,794
. j,794
uf ,793
emb,792
nor,790
vil,789
rés,789
ya ,787
 vr,785
nta,785
rle,785
uri,783
ega,783
pér,782
ere,781
t g,780
n à,778
ron,778
inf,776
éjà,776
ach,776
ili,775
rév,774
emi,773
ern,770
cet,768
l p,767
n o,766
hie,765
meu,765
. l,765
jà ,763
inc,762
eti,760
imp,757
cer,757
jet,756
isi,755
l é,754
nai,753
éco,752
dor,750
dép,749
 ti,744
nut,742
etr,741
ndi,741
 ya,739
utr,738
agn,735
i f,734
acc,733
. m,731
sio,729
go ,726
ala,725
omb,722
e ç,717
oli,710
i r,709
fil,708
rqu,706
f e,706
ici,706
rôl,705
abl,703
z m,703
pan,702
ôle,702
ose,701
f d,701
mor,698
drr,698
fou,696
hor,696
u à,693
pet,693
deu,692
p d,692
o p,692
 o ,691
rso,691
rme,689
rit,687
emm,686
 am,686
ttr,686
aud,683
ora,683
ouc,682
ile,680
igo,679
rir,678
aie,678
loi,677
l i,676
mie,674
n n,674
j e,673
yag,673
ppe,670
r f,667
a n,667
nna,666
lé ,666
sie,666
jam,665
u u,664
t h,662
pay,662
ca ,659
lit,657
d i,656
one,656
j é,656
r i,655
eto,654
ueu,654
d t,653
côt,653
ubl,650
 cô,650
à d,650
l f,649
 ni,649
oue,649
 em,647
euf,646
ssé,645
é p,644
cau,643
ote,643
 nu,642
c m,640
uch,637
iti,637
. c,633
auc,632
ôté,632
pon,631
val,630
nvi,628
ges,628
sag,625
rta,625
qué,624
r o,621
rom,620
 ci,620
cte,619
aqu,619
ets,618
u o,617
poi,617
épa,617
eni,616
vic,615
oqu,615
upp,615
d m,615
pie,614
uai,614
at ,614
reu,613
ima,613
trô,613
ula,611
ber,611
ome,610
a q,610
vit,609
x d,609
été,607
obl,606
sin,606
aye,605
 fl,604
usq,603
act,602
esc,601
ani,599
ing,599
u v,598
nsp,598
ete,598
o j,597
sit,597
à s,596
mpr,596
m e,595
tal,595
ot ,595
rse,595
gal,594
lic,593
ini,593
cel,589
ac ,589
rtu,587
oie,587
dep,587
och,586
 js,585
. p,585
ami,584
ta ,582
 gu,582
mpl,581
ade,581
ino,580
ème,580
ouj,580
c é,577
vis,577
vot,577
ibl,577
cli,577
i q,574
rép,574
é e,572
nch,572
cid,571
c s,570
str,570
mag,569
tgv,569
bre,568
ré ,568
hon,568
 ly,567
é à,567
ul ,566
ape,566
f p,565
ptd,564
amp,564
nav,562
tic,561
uti,559
pel,559
tri,557
nir,556
i o,555
roc,555
urr,555
x p,554
ué ,553
rée,552
 hu,552
exp,551
rev,550
vez,550
à t,549
lin,549
enf,546
ind,546
ong,546
ss ,545
d p,545
o l,545
pr ,543
cla,543
enr,543
d h,542
iso,542
u f,541
h e,539
ras,538
vre,538
vig,536
ich,535
ffi,534
ica,534
gv ,534
ial,531
 ds,531
njo,530
bor,529
bla,529
lli,528
onj,528
rne,528
fac,527
rné,526
é s,526
 ab,525
. e,524
cal,522
tch,521
pho,521
ppr,521
 tg,521
tdr,520
c u,519
oub,518
o a,517
f c,516
blo,515
oll,515
ch ,515
lei,514
rob,514
 go,513
pli,512
nre,512
ptn,511
can,511
à u,508
tn ,507
l o,507
tom,506
l v,506
dra,505
mil,504
nie,503
rni,503
rra,503
ng ,501
usi,500
am ,500
a h,500
rds,498
vos,498
cri,498
sto,497
rac,497
e y,496
tru,495
duc,495
rim,495
har,494
ulo,494
c p,492
m d,491
j s,490
ies,490
not,489
mpa,487
réc,486
epu,486
lim,484
ix ,484
 dr,483
raj,483
sol,482
jsu,482
ode,481
eri,481
l c,480
ira,480
ian,480
rvi,478
llo,478
. s,477
uen,477
aff,477
abi,476
ene,476
yer,476
eco,475
cre,474
ct ,474
 hi,474
u q,474
f q,473
é m,472
i n,472
r n,472
é a,472
cie,471
f a,471
i à,470
h p,469
d o,468
pol,468
ol ,467
ése,467
écu,464
à a,464
hai,464
rr ,462
ti ,462
i .,461
pec,461
uct,460
n ?,460
nui,459
aje,458
 mu,457
urq,457
. .,457
y e,456
ick,454
f j,453
pte,453
mou,453
ied,452
ves,452
bea,452
vel,451
ele,450
vé ,449
ita,449
. a,449
ay ,448
ket,448
ipe,447
l n,447
fan,447
sei,445
nat,444
h j,444
ham,443
 jv,443
lat,443
nné,441
dé ,441
nno,440
déc,440
o c,440
sav,439
ées,438
edi,437
ult,437
f s,436
 gé,436
f l,435
elo,435
à r,434
ban,433
ctu,433
n y,433
à f,432
oua,432
 ag,431
à v,431
n h,430
red,430
é .,429
u j,429
 or,428
upé,427
sce,427
aca,426
cke,425
epr,425
 af,424
til,424
bar,423
s ç,422
rts,422
pir,421
z l,421
las,421
ral,421
nen,420
sso,419
i b,418
tap,418
sib,417
lez,417
n é,416
nqu,416
. i,414
jeu,414
 sé,413
oye,412
rge,412
vid,411
hab,411
bra,410
ori,410
nis,410
f :,409
mus,407
z p,407
mbe,407
fle,405
uto,405
sac,405
idé,403
pot,403
sal,403
nté,402
urd,402
spe,401
ruc,400
. d,400
cat,400
l l,399
dou,399
yon,399
 mè,399
sez,397
ifi,397
mpo,396
tiq,395
lag,395
u n,395
llé,394
ni ,394
éra,393
atc,393
lev,392
i i,392
sau,391
nom,391
urt,390
ivé,390
erb,389
bit,388
cs ,388
von,388
eli,388
bas,388
à b,387
uip,386
die,385
loq,385
del,385
ud ,385
ela,384
pèr,384
niq,383
i u,383
o m,383
équ,383
o à,382
nsi,382
gre,381
ref,381
r !,380
tré,380
bat,380
e é,380
tag,379
 ph,379
évi,379
bal,377
rin,377
mom,375
ric,375
t ç,375
c c,374
ssu,374
d c,374
ope,373
pag,373
s ê,371
o s,371
c j,370
c q,370
oto,369
c t,369
lo ,369
hem,368
dro,368
é u,368
r h,368
tis,367
rro,367
olo,367
né ,366
tif,366
rar,366
fre,366
nci,366
f m,365
épo,365
h l,365
bah,365
sis,365
tt ,364
ed ,363
ume,363
mèr,363
qd ,362
ôt ,362
ppo,361
 ad,361
p l,361
t y,360
opo,359
t !,359
t ?,359
be ,358
sat,358
hui,358
t é,358
lot,358
z d,358
rcu,357
: p,357
pu ,356
x q,356
rto,355
iel,354
mbl,353
if ,353
e w,351
bes,350
 pc,350
 ru,350
noi,349
tue,349
cit,349
n !,349
nez,348
tôt,348
n :,348
ola,347
 b ,347
isé,347
nue,347
ane,347
sea,347
rdi,345
t :,345
 vé,344
blè,344
lèm,344
lyo,344
é c,343
cam,343
ria,343
iff,343
bel,342
net,342
mbr,341
gag,341
auv,341
d s,340
f .,340
à q,340
cup,339
cur,339
rna,339
éve,338
sco,336
. t,336
to ,335
f b,335
apo,334
nel,334
li ,334
hel,334
rue,334
arg,334
 sc,333
uvr,333
ero,333
mir,332
 tt,331
 ah,331
h a,331
 cu,330
vac,330
z v,329
ude,328
ié ,328
cap,327
het,327
apa,327
j v,326
l .,326
sy ,326
tor,326
vei,325
 fu,324
tez,324
cir,323
o t,322
ndé,321
mé ,321
amb,321
sus,320
enu,320
mpt,320
cun,320
geu,319
 sp,318
 rt,318
ict,318
irc,318
 mn,318
anq,318
à j,317
off,317
auj,317
cra,317
hot,316
r :,316
p c,316
pé ,315
vea,315
d .,315
bac,314
sée,313
uge,313
ana,313
ché,313
rag,312
uva,312
sig,311
cée,311
 éq,311
ech,311
lar,310
rei,310
rof,308
coo,308
evo,307
rve,307
 th,306
cq ,306
r ?,305
élé,305
evi,304
: d,304
oil,304
ouf,303
h c,303
ndo,303
wee,302
cia,302
sh ,302
lqu,302
écr,302
uni,301
aro,301
jui,301
p p,301
r g,300
l r,300
trè,300
mpé,300
sul,300
ucu,300
hal,299
 sy,298
urb,298
mn ,298
elq,298
à n,297
 pé,297
f t,296
nic,296
pub,296
p j,295
éci,294
lun,294
a o,294
mit,293
itr,293
siq,292
uc ,291
éte,291
dai,290
vol,290
epa,289
o q,289
 id,289
à e,288
udi,288
l b,287
agi,286
gna,286
nsu,286
eno,285
y p,285
ast,285
lut,285
 qd,284
mma,284
. o,284
 wa,283
o :,283
tiv,282
o .,282
om ,282
ncé,282
pcq,281
oug,281
dam,281
f v,281
r y,280
i ?,280
nem,280
 ob,280
orr,279
réa,279
c a,279
l j,279
mbo,278
fs ,277
abo,276
ms ,276
itt,276
 g ,276
h m,276
im ,276
 tw,275
bru,275
h à,275
n u,274
rel,274
uga,274
o i,273
ube,273
spa,273
rig,273
nfi,273
l t,273
bri,273
têt,272
pti,272
ivr,272
cto,272
sec,271
 er,271
nnu,271
ool,270
. b,270
x a,269
eun,269
way,268
onf,268
nve,268
liq,268
vio,268
cle,267
usa,267
 tê,266
x e,266
ost,265
f o,265
réf,264
imi,264
éro,264
lyc,264
elu,264
nif,263
or ,263
plo,263
vau,263
a .,263
p e,262
: u,262
ok ,262
isc,262
nst,262
à g,261
gér,261
dés,260
top,260
haq,260
aha,260
p m,259
pat,259
cé ,259
 we,259
: c,258
lec,257
iva,257
tea,256
ede,256
tés,256
nso,255
pue,255
lol,255
é q,255
 év,255
rb ,255
xpl,255
idi,254
ado,254
tug,254
emo,254
neu,253
atu,253
e -,253
ebo,252
x m,252
els,252
mem,252
ceu,252
a i,252
gui,251
ata,251
hé ,251
y s,250
tim,250
viv,250
zar,250
déf,249
tab,249
c i,249
iné,249
orc,248
zon,248
mas,248
h o,248
ppl,247
até,247
. r,246
: m,246
spè,246
rég,245
agu,245
déb,245
sar,245
mi ,244
uli,244
omi,244
ngu,244
mot,244
gt ,243
gré,243
its,243
? m,243
rad,243
but,243
rcs,243
nto,242
o o,242
ycé,242
lée,242
j m,241
hat,241
: a,241
ats,240
nar,240
ecr,240
niè,240
rio,240
rix,240
vri,239
gé ,239
ivi,239
gem,239
cco,238
mwa,238
hos,238
fr ,238
 jp,238
vée,238
lib,237
rdu,236
l à,236
u g,236
l u,236
arm,235
amw,235
rol,235
lau,235
anç,235
uco,234
imé,234
dim,234
ulé,234
pau,234
c r,234
the,234
um ,233
mpi,233
g d,233
uiv,233
lil,232
dui,232
nu ,232
und,231
rmé,230
ath,230
eso,229
riè,229
dar,229
uet,229
nça,229
fro,229
mau,229
arn,228
 té,228
m p,228
çai,228
l q,228
i g,228
 e ,227
fen,227
e k,227
 ok,227
 ps,227
ige,227
a é,227
urg,227
csn,227
oot,226
ben,226
log,225
oma,225
x c,225
sca,225
. v,225
ona,224
yen,224
nvo,223
gol,223
na ,223
rea,223
u .,223
gin,222
x s,222
à i,222
st-,222
dal,222
liv,222
ck ,221
oti,221
ène,221
mpu,221
fo ,221
vin,220
dét,220
mod,219
fes,219
f i,219
cot,219
jr ,219
: j,219
hes,218
sam,218
ssy,218
i !,217
 wi,217
a à,217
sel,217
api,217
cru,217
eff,216
lia,216
! l,216
p t,216
ago,215
nfa,215
tud,214
 ; ,214
! j,213
 of,213
ott,213
erg,213
prê,213
arq,212
cci,212
euv,212
nul,212
his,212
fér,212
pai,212
tér,211
osi,211
hah,211
mpe,210
svp,210
tél,210
fi ,210
ril,210
ibu,209
mbi,209
ri ,209
pac,209
bé ,209
dic,208
bai,208
 fd,207
vs ,207
dur,207
! e,206
ye ,206
din,205
hom,205
 sv,205
éch,205
lié,205
gon,205
i h,205
pa ,204
deb,204
ean,204
éto,204
ase,204
vem,204
 us,204
exi,204
alg,204
dif,204
ono,204
nsa,203
udr,203
ège,203
p s,203
é j,203
adi,203
dia,203
! m,203
id ,203
d à,202
y d,202
foo,202
 ki,202
oca,201
pin,201
t ê,201
vas,201
ru ,201
hou,200
utu,200
med,200
ll ,200
ida,200
oci,200
hin,199
inv,199
aid,199
dès,199
r ç,199
 jm,198
fdp,197
evr,197
élo,197
ia ,197
lta,196
cis,196
isp,196
h .,196
gén,196
pét,196
ese,196
cop,196
? c,195
 ef,195
vél,195
a :,195
 sh,194
obi,194
? !,194
tée,194
éli,194
nos,193
iré,193
cai,193
i :,193
p .,193
ofi,192
: s,192
p b,192
ada,192
spé,192
ype,192
gle,191
sér,191
mel,191
iez,190
niv,190
alm,190
évo,190
esn,190
: e,190
rez,190
h s,190
f n,189
dat,189
b d,189
ee ,189
égi,188
? p,188
sûr,188
los,187
 vs,187
vir,187
? j,187
flo,187
dém,187
 él,186
pes,186
aci,186
lam,186
jai,186
irs,186
tad,186
gno,186
dea,186
cem,185
dez,185
asi,185
 dè,185
gan,185
tta,185
arb,185
hei,185
x l,185
miè,185
évu,184
nct,184
: r,184
kin,183
pis,183
dée,183
coi,183
ry ,183
iat,183
d q,183
eek,182
uée,182
o b,182
rib,182
sil,182
axi,182
éme,182
jme,182
twi,181
nus,181
 ic,181
lad,181
aul,181
nsé,181
iza,181
sme,181
atr,181
ato,181
 it,181
. f,181
eet,180
! s,180
eda,180
 pè,180
lio,179
o !,179
agr,178
! c,178
mun,178
ja ,178
c v,178
oni,177
ota,177
 ye,177
mei,177
ète,177
pok,177
d é,177
uin,177
icu,177
cil,177
z e,177
 sû,177
fem,176
aug,176
mér,176
ffr,176
ff ,176
fie,176
? l,175
exc,175
jva,175
ecs,174
roy,174
x b,174
equ,173
 op,173
 mm,173
- l,173
ays,173
lir,173
i é,173
avr,173
l :,172
rc ,172
eds,172
cin,172
tig,172
pio,172
loc,171
oud,171
vue,171
rus,171
ys ,171
oh ,171
ano,171
 tj,171
nn ,171
ey ,171
uvi,171
mid,170
séc,170
epo,170
lèr,170
lér,170
p a,170
rla,170
dej,170
êts,170
bjr,170
lèv,169
yan,169
oix,169
aco,169
ngl,168
gam,168
s -,168
ico,168
lm ,167
uvo,167
dsn,167
fli,167
mm ,167
oût,167
eja,167
. q,167
thi,166
tos,166
sés,166
s k,166
nas,166
y v,166
bos,165
f r,165
d ê,165
uie,165
âte,165
bro,164
ept,164
rov,164
: t,164
i y,164
soc,164
vp ,164
ots,163
siè,163
déo,163
joi,163
éni,163
eh ,163
f à,163
spi,163
nit,163
rré,163
via,163
c .,162
wif,162
nia,162
rda,162
say,162
mac,161
po ,161
tec,161
do ,161
t-i,161
igu,161
umé,161
ymp,160
lab,160
arf,160
: i,160
 ut,160
rab,160
-il,160
qml,160
sos,159
ark,159
tei,159
ppa,159
io ,159
é t,159
gou,159
 bj,159
mic,158
fos,158
lte,158
ef ,158
mad,157
xis,157
 ép,157
sch,157
sud,157
wag,157
 bc,157
egr,156
o y,156
a ê,156
rot,156
c b,156
opp,156
nér,156
jap,156
osé,156
t-c,156
o ?,156
hât,156
rdé,156
chu,156
ilo,156
aga,155
lu ,155
s w,155
phi,155
e..,155
tot,154
wit,154
rbe,154
apt,154
sim,154
j p,154
cré,154
gie,154
alè,154
 tô,154
org,154
éti,154
z c,154
! p,154
sym,153
oeu,153
 h.,153
gau,153
mob,153
biz,153
éal,153
lex,152
ded,152
wsh,152
g p,152
dom,152
rsa,152
tac,152
amo,152
aît,152
rba,151
olu,151
rdr,151
moy,151
c à,151
m o,151
ez-,151
twe,150
gme,150
 bé,150
pil,150
uic,150
hum,150
som,150
pei,150
rrr,150
fum,150
sir,150
tax,150
hop,150
y c,149
ext,149
p r,149
jul,148
lme,148
gai,148
uci,148
deg,147
abr,147
uvé,147
you,146
hev,146
rau,146
z q,146
num,146
riq,146
 pd,145
boi,145
émo,145
hia,145
tui,145
dp ,145
hen,145
fri,144
isq,144
em ,144
fec,144
usp,144
scu,144
alé,144
fus,144
gos,144
 od,144
pap,144
s..,144
mée,144
lea,144
éga,143
ugm,143
ila,143
x t,143
raa,143
mmu,143
olé,143
eté,143
éph,143
? s,143
a y,142
rif,142
mèn,142
ési,142
yeu,142
shi,142
 ko,142
lay,142
 oc,141
. u,141
 gi,141
o v,141
ngé,141
o f,141
x .,141
pit,141
ntp,141
nt-,141
x j,140
igi,140
 ec,140
rog,140
gri,140
cgt,139
a ?,139
z a,139
éle,139
gio,139
oid,139
iro,139
 én,139
igé,139
iri,139
uré,139
nej,138
is-,138
 cg,137
ufs,137
dos,137
. n,137
iai,137
 is,137
oke,137
ngo,137
etc,137
mig,137
 qm,137
x h,136
dég,136
éo ,136
xpo,136
y m,136
mba,136
ub ,136
 ct,136
cus,136
aal,135
co ,135
fot,135
-ce,135
lép,135
ncu,135
yé ,135
éno,135
det,134
ny ,134
sma,134
clo,134
efr,134
h n,134
ièg,134
? e,134
cep,134
éma,134
abe,134
réu,133
ree,133
ébu,133
d y,133
 jd,133
lid,133
u h,133
: b,133
eud,133
git,133
uir,133
fit,132
l !,132
: -,132
ual,132
esh,132
erp,132
à o,132
 ka,131
aér,131
r é,131
lop,131
ife,131
z s,131
cac,131
çon,131
v p,131
scr,131
mbé,131
p q,131
upl,131
 aé,130
occ,130
égu,130
! a,130
y l,130
 ke,130
a !,130
erl,130
ull,130
cut,130
rui,130
: o,130
f !,130
 zo,129
uma,129
fal,129
 yo,129
lav,129
ctr,129
d v,129
h b,129
m l,129
eng,129
orn,129
rco,128
ovi,128
has,128
def,128
dio,128
oun,128
fat,128
ogr,128
df ,128
êté,127
nzo,127
gên,127
x v,127
h t,127
tjr,127
ffa,127
n ç,126
alc,126
 lè,126
esa,126
ism,126
set,126
anz,126
mt ,126
dér,126
aba,126
h. ,126
nca,125
 km,125
ccu,125
vo ,125
ke ,125
 ir,125
d b,125
ebe,125
ésu,125
mam,125
h q,125
opi,124
taf,124
h i,124
ddr,124
sté,124
aza,124
 pb,124
hil,124
 gê,123
 ea,123
vpe,123
ams,123
v e,123
ly ,123
b e,123
uh ,123
z t,123
êch,123
âch,123
m i,122
new,122
j y,122
abu,122
gla,122
c n,122
jvo,122
nep,122
. ç,121
omo,121
rêv,121
nfe,121
éné,121
fix,121
sid,121
édi,121
pêc,121
hoi,121
onv,120
evé,120
 ws,120
tua,120
rga,120
éré,120
neh,120
-vo,120
p f,120
! d,119
 ms,119
pic,119
d ?,119
esu,119
xe ,119
v s,119
nim,119
ove,119
ior,119
eui,118
f f,118
jea,118
à .,118
tz ,118
 sm,118
dév,118
aub,118
beu,118
nec,118
typ,118
x f,118
gné,117
lum,117
spr,117
vat,117
ow ,117
l ?,117
apé,117
diq,116
 qq,116
nêt,116
tto,116
i ç,116
! t,116
usé,116
! o,116
oté,116
ha ,116
ack,116
of ,116
vet,115
bab,115
éfe,115
lip,115
led,115
éso,115
k j,115
 mt,115
-de,115
adr,114
éfi,114
lés,114
ntô,114
oig,114
no ,114
uar,114
? o,114
g e,113
y .,113
d :,113
lég,113
esq,113
p o,113
tpa,113
 cm,112
giq,112
égo,112
é r,112
uté,112
xpr,112
 hy,112
 ty,112
m .,112
à :,112
sha,112
z-v,112
 jl,112
iei,112
asa,112
é ?,112
uce,112
 rê,111
rfr,111
p i,111
tho,111
frè,111
rèr,111
f ?,111
ash,111
nni,111
eam,111
hi ,111
sra,111
llè,110
jv ,110
gni,110
dt ,110
pal,110
ffé,110
ayé,110
épl,110
v d,110
nau,110
ôte,109
. h,109
aum,109
nac,109
isy,109
d !,109
efu,109
sna,109
aré,109
j c,109
deh,109
eho,109
roj,108
oje,108
x g,108
? t,108
bia,108
ito,108
etu,108
dig,108
m é,108
nea,107
lma,107
é !,107
j d,107
iét,107
péc,107
llu,107
imm,107
amm,107
anl,107
éan,107
tet,107
c o,107
cad,107
sab,106
eci,106
cos,106
? a,106
uxe,106
ixe,106
fla,106
 jc,106
eue,106
uez,106
bis,106
sub,105
reb,105
nag,105
ifs,105
abs,105
sde,105
gul,105
q j,105
efe,105
écl,105
ipp,105
aou,105
cél,105
luc,105
mtn,105
lgr,105
oum,104
dec,104
o r,104
lal,104
chn,104
iol,104
ilà,104
rtr,104
 né,104
 dû,104
 xd,104
ex ,104
exa,104
lom,104
lèg,103
 gl,103
é i,103
sho,103
fe ,103
euh,103
epe,103
pea,103
laq,103
urc,102
m s,102
: f,102
fêt,102
yez,102
ep ,102
é o,102
châ,102
dû ,102
jsp,102
efa,102
nsf,102
jur,102
ejs,102
oro,102
bc ,102
y j,102
p ?,102
cp ,102
! f,101
. g,101
 tc,101
km ,101
afr,101
mp ,101
z u,101
h !,101
fut,101
éfé,101
tv ,101
édu,101
rbé,101
! i,101
tc ,101
oph,101
pb ,101
é b,100
etz,100
rej,100
rbu,100
sla,100
é v,100
u :,100
pée,100
uat,100
l g,100
rip,100
opr,100
jsn,100
umi,100
oco,100
fam,99
x r,99
isl,99
ad ,99
m c,99
z à,99
le-,99
so ,99
rét,98
? d,98
sp ,98
pha,98
m m,98
anu,98
nin,98
bol,98
raî,98
cce,98
nap,98
yst,98
opa,98
rté,97
ab ,97
xel,97
rli,97
cy ,97
ssn,97
tas,97
wal,97
iot,97
c f,97
 --,97
ski,97
ki ,97
aig,97
run,97
stu,97
hug,97
m j,97
amé,97
: :,97
cei,96
p à,96
pom,96
ap ,96
exe,96
 hé,96
hir,96
ogi,96
een,95
acr,95
 fê,95
rgy,95
? i,95
hyp,95
als,95
clu,95
 hô,95
laz,95
lep,95
 oh,95
gée,95
tha,95
imo,95
jss,94
o n,94
bin,94
max,94
éne,94
opé,94
syn,94
uru,94
 lâ,94
ogn,94
bur,94
nle,94
r ê,93
: q,93
ael,93
lsn,93
éus,93
gea,93
ajo,93
nex,93
ejo,93
ulu,93
lys,93
oux,93
pab,93
jrs,93
fol,93
fia,93
yav,93
réd,93
lâc,93
xi ,93
n w,93
t -,93
ouh,93
ilm,92
t k,92
erf,92
ko ,92
nga,92
p !,92
rfa,92
mpê,92
lly,92
lah,92
ibr,92
nay,92
més,92
chr,92
orl,92
ûr ,92
enê,91
yai,91
bag,91
ntu,91
rry,91
una,91
iet,91
k d,90
 tl,90
 gt,90
rcr,90
lue,90
tun,90
hoq,90
 lé,90
! v,90
épe,90
ip ,90
n -,90
sle,90
g l,90
- a,89
tps,89
gy ,89
cip,89
h ?,89
tia,89
tut,88
rv ,88
ook,88
y t,88
due,88
eba,88
rdv,88
dv ,88
bfm,88
 i ,88
êve,88
eo ,88
ut-,88
rg ,88
iga,88
céd,87
div,87
boo,87
eig,87
kem,87
cc ,87
ués,87
hôt,87
uqu,87
seo,87
efo,87
cod,86
o u,86
tib,86
éde,86
jdo,86
gat,86
 rd,86
ngt,86
tué,86
eal,86
ûre,86
-en,86
kar,86
sex,86
deo,86
utô,86
 ns,86
dav,86
? v,86
aya,85
hid,85
uib,85
d r,85
 ev,85
gis,85
méd,85
mul,84
ièm,84
p v,84
 cé,84
eps,84
e z,84
rlé,84
pid,84
k l,84
 aj,84
rk ,84
hic,84
. à,84
 ht,84
obe,84
lux,84
p :,84
: v,84
piq,84
ml ,84
- p,84
 jt,84
nés,83
 èm,83
vi ,83
rdo,83
fas,83
lco,83
rid,83
éca,83
enl,83
tié,83
-pa,83
oc ,83
pq ,83
 vp,83
cui,83
orf,83
wes,83
b p,82
k e,82
yes,82
gny,82
y o,82
êna,82
c :,82
nov,82
ock,82
htt,82
y r,82
nli,82
asc,82
pp ,82
iar,82
phe,82
ek ,81
sep,81
jpr,81
ker,81
j h,81
jcr,81
da ,81
 os,81
hés,81
eoi,81
sbo,81
sfo,81
leb,80
re-,80
épu,80
ucs,80
 ed,80
drô,80
dél,80
hag,80
dy ,80
dri,80
f u,80
rém,80
osa,80
ews,79
nio,79
pi ,79
eum,79
hol,79
gas,79
 cd,79
étu,79
nfr,79
rsi,79
sum,79
rié,79
jvi,79
nég,79
épr,79
b s,79
cm ,78
 om,78
ût ,78
grâ,78
lhe,78
y :,78
adm,78
pdt,78
h :,78
aço,78
j l,78
chl,77
ba ,77
nad,77
alh,77
mdd,77
? :,77
ovo,77
alu,77
thé,77
a w,77
- c,77
ask,77
sk ,76
eca,76
nol,76
v m,76
uls,76
hni,76
h v,76
lt ,76
edo,76
o ç,76
psn,76
 p ,76
îtr,76
c g,76
rki,76
bcp,76
url,76
soe,75
fet,75
urv,75
râc,75
âce,75
lgo,75
ush,75
éba,75
uck,75
é f,75
-t-,75
nsc,75
aph,75
ror,75
pra,75
 dm,75
: à,74
she,74
! r,74
o g,74
rux,74
é :,74
lax,74
jpe,74
jd ,74
rgi,74
 cc,74
fis,74
fir,74
rod,74
tsr,74
h f,74
lls,74
faç,74
uem,73
 ub,73
 tp,73
suf,73
nam,73
ît ,73
lde,73
 ur,73
 jr,73
irl,73
vér,73
rmo,73
x à,73
ek-,73
d n,73
pul,73
sci,73
iph,73
acu,73
cès,72
igr,72
 ol,72
- m,72
chè,72
j i,72
oké,72
ty ,72
 kl,72
xem,72
 pk,72
n z,72
gil,72
mio,72
é n,72
imu,72
m t,72
k-e,72
th ,72
tiè,72
ken,72
uid,72
ffl,71
b l,71
ccé,71
z n,71
eph,71
geo,71
déd,71
ttp,71
rfo,71
g m,71
nib,71
 pq,71
pop,71
nfl,71
irt,71
xcu,71
rén,71
rva,71
ubs,70
z j,70
grv,70
tub,70
ka ,70
ity,70
elé,70
rno,70
éna,70
axo,70
xon,70
toc,70
ynd,70
inq,70
ibe,70
x :,70
asq,70
taq,70
yle,70
alp,70
èle,70
f g,70
hs ,70
flu,70
igt,70
jol,70
m :,69
ray,69
jon,69
p g,69
vom,69
x !,69
ho ,69
agé,69
ébé,69
x n,69
naî,69
kla,69
pk ,69
tam,69
tau,69
odi,69
v l,69
oge,68
ffo,68
coû,68
 ég,68
inn,68
amè,68
uei,68
! ?,68
ibi,68
elg,68
u y,68
tcl,68
m b,68
usm,68
léa,68
b a,68
b j,68
ga ,67
bst,67
b c,67
ork,67
p n,67
sfr,67
u !,67
rpe,67
rah,67
tti,67
- d,67
bs ,67
béb,67
z r,67
cue,67
odo,67
axe,67
ncr,67
g c,67
a k,67
egu,67
xte,67
: .,67
mos,67
enj,67
aru,67
x i,67
lém,67
oyé,67
ted,66
alt,66
ova,66
oo ,66
! b,66
ood,66
à é,66
stp,66
aîn,66
vc ,66
gué,66
big,66
ugo,66
d g,66
ece,66
x o,66
py ,66
hur,66
ws ,65
coc,65
usc,65
gte,65
ft ,65
 bf,65
eon,65
oic,65
gs ,65
oy ,65
leq,65
hap,65
tpe,65
reç,65
çu ,65
nab,65
iés,65
alb,64
k p,64
ecu,64
crè,64
loo,64
sif,64
éce,64
 nn,64
k m,64
acl,64
ics,64
lap,64
t..,64
uha,64
ake,63
cca,63
 ao,63
cab,63
hér,63
laf,63
gir,63
. :,63
aka,63
avc,63
mél,63
 ts,63
igh,63
z f,63
iam,63
de-,63
us.,63
pck,63
v a,63
rut,63
loy,62
s-m,62
n k,62
sad,62
lef,62
udo,62
ajd,62
low,62
f ç,62
 mr,62
mum,62
x ?,62
cb ,62
m à,62
dla,62
edu,62
ubi,62
z b,62
orp,62
èce,62
cts,62
mur,62
urp,62
pur,62
g .,61
okl,61
klm,61
t w,61
pep,61
bul,61
af ,61
: h,61
g j,61
cta,61
g a,61
oct,61
: n,61
é h,61
ètr,61
hef,61
fèr,61
jre,61
asb,61
neg,61
pt ,61
? q,61
glo,60
gor,60
? -,60
ltr,60
cag,60
hac,60
ehi,60
fa ,60
 v ,60
gaz,60
 x ,60
hey,60
sl ,60
osp,60
ipa,60
m q,60
doc,60
poc,60
aa ,60
y à,59
h y,59
uts,59
ink,59
leg,59
tm ,59
sne,59
sao,59
 eh,59
r k,59
? n,59
nsm,59
hh ,59
 sl,59
éfè,59
xim,59
thu,59
ney,59
 èr,59
irm,59
dc ,59
lee,59
o -,59
éen,59
upi,58
ege,58
o h,58
? b,58
épi,58
mèt,58
smi,58
bér,58
ebl,58
amu,58
rcé,58
c h,58
sty,58
 fé,58
ske,58
bad,58
juv,58
sys,58
sg ,58
hlo,57
ésa,57
moc,57
cqu,57
y q,57
k s,57
u ?,57
itz,57
à à,57
tl ,57
tus,57
dg ,57
nik,57
uba,57
ely,57
fel,57
idf,57
éva,57
er.,57
nth,57
f h,57
ald,57
ild,57
dus,57
émi,57
hip,56
win,56
omg,56
rsu,56
ae ,56
unn,56
fmt,56
mtv,56
? r,56
éhi,56
 wo,56
ag ,56
egi,56
afa,56
ung,56
 sk,56
q l,56
flm,56
osc,56
d ç,56
aun,56
vag,56
r..,56
ups,56
ias,56
. y,55
ax ,55
kém,55
-- ,55
mae,55
hée,55
oiv,55
b m,55
véh,55
gèr,55
ze ,55
aix,55
 dl,55
eel,55
ike,55
uah,55
stè,55
tté,55
spl,55
ncl,55
pig,54
rmc,54
 lt,54
- s,54
sic,54
ûte,54
bêt,54
b .,54
tep,54
aen,54
oué,54
aze,54
bée,54
c y,54
ea ,54
tyl,54
u w,54
goc,54
enz,54
coe,53
tle,53
tf ,53
aoû,53
r -,53
opt,53
f -,53
jau,53
xiè,53
esb,53
oba,53
ead,53
-le,53
e x,53
dm ,53
oth,53
e-d,53
e-f,53
rsé,53
hri,53
pta,53
ks ,53
uno,53
cié,53
mi-,53
b q,53
acé,53
wor,53
ned,53
j o,52
pôt,52
ej ,52
 eq,52
r w,52
iée,52
 ul,52
rcy,52
iba,52
bau,52
cae,52
rvé,52
hu ,52
aki,52
var,52
jpp,52
ibé,52
bom,52
hoc,52
es-,52
uig,52
goo,52
tol,52
-fr,52
 za,52
k a,52
az ,52
es.,52
fiq,52
lov,52
edf,52
sq ,52
ght,52
clé,52
uca,52
ccè,51
s ;,51
lmt,51
xer,51
rlo,51
siv,51
à k,51
! h,51
hsn,51
a-t,51
azi,51
epé,51
m f,51
lel,51
oda,51
ppé,51
bo ,51
mo ,51
esi,51
oga,51
hla,51
kif,51
rbi,51
kil,51
upa,51
rpr,51
gés,51
ayo,51
zy ,50
! :,50
 sf,50
ebu,50
flé,50
maq,50
ehs,50
iod,50
eas,50
: g,50
iab,50
rey,50
lpe,50
vrm,50
aly,50
t-d,50
bg ,50
 ss,50
my ,50
nee,50
ib ,50
cté,50
efi,50
boy,50
eke,50
ao ,50
eb ,49
lcu,49
ak ,49
miq,49
pié,49
 ze,49
- t,49
-je,49
d f,49
iem,49
od ,49
e-p,49
ony,49
v c,49
mg ,49
 zi,49
ycl,49
hav,49
raq,49
lr ,49
? f,49
tee,49
-êt,49
 îl,49
ley,49
gli,49
- e,49
nva,49
- r,49
stm,49
nja,49
îne,49
adu,49
; -,48
lbu,48
msk,48
 r ,48
by ,48
.sn,48
hit,48
-mi,48
sue,48
tde,48
ika,48
mmè,48
uxi,48
kan,48
lc ,48
oon,48
cdo,48
ngs,48
toy,48
hut,48
rfu,48
 f ,48
elp,48
ego,48
mez,48
 bg,48
neb,48
eed,48
av ,48
m r,48
fag,48
 oe,48
lge,48
a ç,48
pèt,48
fré,48
uas,48
asp,48
pté,48
psq,48
orb,48
noc,48
asn,48
jsa,48
 sq,47
onh,47
éfa,47
rl ,47
cea,47
t ;,47
g s,47
dol,47
far,47
er-,47
ig ,47
zer,47
bu ,47
eçu,47
lif,47
lva,47
t-ê,47
fé ,47
s x,47
obs,47
. -,47
s z,47
tég,47
f y,47
epy,47
-ma,47
tba,47
nk ,47
utt,47
léc,47
ègu,46
vés,46
h ç,46
dun,46
goû,46
clt,46
lsa,46
hec,46
! q,46
jco,46
xce,46
gez,46
 cy,46
cyc,46
g t,46
elf,46
! u,46
nef,46
tid,46
yri,46
 my,46
izz,46
rbo,46
ngr,46
ebi,46
 ip,46
sba,46
fig,46
ièc,46
awa,46
-el,46
ith,46
ska,46
sli,46
v .,46
bib,46
b b,45
écé,45
b i,45
cec,45
 ot,45
ndy,45
égr,45
dge,45
e-t,45
isn,45
civ,45
nek,45
-mo,45
ncy,45
 sr,45
n..,45
tog,45
amn,45
re.,45
bi ,45
esm,45
y ?,45
 cb,45
blé,45
lfr,45
y b,45
get,45
got,45
yab,45
nsl,45
 mc,45
ijo,44
éat,44
aer,44
tvo,44
xtr,44
b o,44
umo,44
ébr,44
fab,44
 ém,44
- -,44
cks,44
ilé,44
tdd,44
lub,44
ik ,44
lse,44
sev,44
u ç,44
 hâ,44
tex,44
oko,44
v à,44
oha,44
 lg,44
loe,44
ceb,44
odu,44
bse,44
 ep,44
-la,44
icr,44
plé,44
édo,44
roo,44
p h,44
js ,44
agg,43
mol,43
bso,43
rsq,43
jo ,43
eol,43
lix,43
u k,43
jug,43
ido,43
g v,43
lèt,43
acs,43
a è,43
wan,43
ngi,43
ntm,43
p u,43
rly,43
 t-,43
rmt,43
gab,43
eth,43
epi,43
osn,43
nop,43
vb ,43
cu ,43
sof,43
icl,43
h g,43
m v,43
rpa,43
éel,43
-re,43
nço,43
ahi,42
nob,42
hun,42
éla,42
ltv,42
e è,42
ebr,42
bec,42
cee,42
iau,42
rm ,42
cov,42
wis,42
b à,42
ouu,42
cev,42
imb,42
 gd,42
on-,42
ced,42
ppu,42
réq,42
çoi,42
- f,42
ucl,42
onp,42
fun,42
ecl,42
lod,42
dmi,42
ew ,42
-fi,42
su ,42
suc,41
trq,41
g o,41
nhe,41
wtf,41
tla,41
ped,41
rgu,41
nei,41
caf,41
aaa,41
mr ,41
k t,41
day,41
 ue,41
kip,41
vt ,41
 tv,41
ce-,41
hy ,41
rnd,41
 dc,41
ear,41
pén,41
à y,41
égl,41
p y,41
ibm,41
z .,41
maj,41
gur,41
sms,41
yli,41
elv,41
zou,40
liè,40
b t,40
dij,40
ifl,40
.fr,40
 ae,40
te-,40
inh,40
in.,40
 bê,40
piè,40
q c,40
asm,40
oce,40
kat,40
h r,40
isr,40
! g,40
eld,40
brû,40
rûl,40
dab,40
 âg,40
lst,40
ths,40
ivb,40
fui,40
ory,40
 jf,40
y f,40
otb,40
tjs,40
rtl,40
sia,40
aah,40
i-f,40
rql,39
ql ,39
- b,39
oop,39
c ?,39
arp,39
ery,39
é g,39
itc,39
ims,39
oly,39
cdg,39
old,39
ua ,39
obu,39
érê,39
cfr,39
jes,39
azy,39
jle,39
yla,39
ogu,39
lgi,39
rum,39
we ,39
amt,39
oka,39
kev,39
das,39
alv,39
île,39
h h,39
b r,39
za ,39
bmi,39
miv,39
gel,39
bet,39
bei,39
icp,39
dub,38
k .,38
 bâ,38
uje,38
dap,38
pad,38
j r,38
yma,38
 wt,38
s-j,38
x u,38
rgé,38
ne-,38
 sd,38
anb,38
asy,38
hèr,38
yo ,38
sr ,38
yth,38
ugu,38
wah,38
 tf,38
c ç,38
aup,38
e ;,38
rbr,38
jla,38
ieb,38
rru,38
esl,38
aso,38
éfl,38
g q,38
gts,38
epl,38
xac,38
tlm,38
fuc,38
tèm,38
ht ,38
inj,38
moq,37
éfo,37
lba,37
éab,37
 cs,37
ug ,37
mc ,37
v q,37
uot,37
 câ,37
rgo,37
plè,37
à ê,37
ffu,37
iou,37
mee,37
 ax,37
tr ,37
mmi,37
eat,37
unt,37
m h,37
uef,37
nma,37
k o,37
lbe,37
isb,37
ytr,37
rca,37
jac,37
paq,37
 fb,37
épô,37
t-o,37
jor,37
yés,37
q i,37
tga,37
opu,37
! n,37
sni,37
ûle,36
og ,36
cim,36
mmo,36
nho,36
cfd,36
 ay,36
rth,36
zen,36
 cf,36
sas,36
it-,36
 lr,36
onl,36
zai,36
ish,36
jer,36
nt.,36
lté,36
o é,36
onb,36
yal,36
fié,36
biè,36
oré,36
j t,36
uns,36
jte,36
dil,36
lti,36
uda,36
sm ,36
jav,36
wa ,36
ipl,36
did,36
k c,36
raz,36
ph ,36
ouz,36
 vl,35
éun,35
bot,35
meg,35
ids,35
- j,35
izo,35
ès-,35
keb,35
eim,35
z :,35
zz ,35
i k,35
elm,35
jar,35
bré,35
-ch,35
épé,35
aps,35
sod,35
géa,35
. ?,35
vam,35
nev,35
- g,35
eza,35
 io,35
hro,35
phé,35
y i,35
map,35
row,35
.je,35
elb,35
t-e,35
ccr,35
tip,35
- i,35
dma,35
? u,35
oor,35
hea,35
any,35
eac,35
cl ,35
l ç,35
sop,35
! ç,35
idt,35
p ç,35
liz,35
-to,35
qqu,34
qun,34
édé,34
bât,34
oe ,34
tém,34
rf ,34
ssm,34
md ,34
pem,34
b :,34
le.,34
enb,34
oms,34
urf,34
vry,34
oom,34
a z,34
moo,34
bir,34
kal,34
lp ,34
rpi,34
ahh,34
sfa,34
tma,34
t-s,34
suj,34
olg,34
grn,34
mni,34
dod,34
ld ,34
voq,34
sey,34
ayl,34
c !,34
rps,34
tsi,34
oif,34
 ls,34
jec,34
ky ,34
 râ,34
é y,34
îte,34
psk,34
t z,33
cst,33
vla,33
obr,33
usd,33
hee,33
k i,33
ns-,33
alf,33
 by,33
riz,33
aes,33
m !,33
jde,33
ysé,33
rn ,33
zin,33
mea,33
ivo,33
cés,33
 dn,33
blu,33
chy,33
zi ,33
eg ,33
pés,33
y u,33
 gp,33
unk,33
eck,33
afé,33
koh,33
vdm,33
ohl,33
e-c,33
is.,33
jun,33
 wh,33
 pn,33
apu,33
ruq,33
q m,33
leo,33
x y,33
à !,33
war,33
ank,33
 py,33
èvr,33
éer,33
-on,33
ouk,33
k b,33
dtg,33
usu,33
zza,33
tsa,33
smo,32
éac,32
ldo,32
k :,32
êta,32
jad,32
sno,32
kso,32
 rh,32
pun,32
ncs,32
êne,32
a. ,32
 nd,32
fc ,32
qn ,32
oki,32
ucm,32
gda,32
rsd,32
poq,32
eub,32
rst,32
ob ,32
g à,32
m ?,32
 vd,32
hra,32
jal,32
 td,32
fid,32
naz,32
dja,32
psg,32
jfa,32
m y,32
 up,32
uya,32
x é,32
v i,32
us-,32
kou,32
hio,31
yor,31
g i,31
ehe,31
ios,31
v r,31
gif,31
eai,31
iko,31
y n,31
eço,31
à ?,31
ei ,31
léb,31
a -,31
clc,31
méc,31
mh ,31
ieg,31
-po,31
q y,31
exu,31
oan,31
uee,31
jan,31
oog,31
ogl,31
kes,31
-sh,31
mnt,31
ofs,31
esf,31
upt,31
xcl,31
aar,31
règ,31
eup,31
sdf,31
h u,31
seb,31
god,31
cr ,31
g :,31
mém,31
cno,31
evu,31
an-,31
oît,31
tup,31
mak,31
esd,31
élè,31
ené,31
wi-,31
vén,30
mim,30
hae,30
elt,30
ox ,30
êvé,30
. w,30
? g,30
! .,30
had,30
hib,30
rtc,30
 bb,30
lh ,30
 oi,30
-vi,30
ows,30
dmd,30
jlu,30
mst,30
rke,30
sky,30
hoo,30
xue,30
zau,30
esr,30
dsl,30
fm ,30
uej,30
rup,30
éda,30
i-t,30
lmo,30
 tq,30
tqt,30
dup,30
ips,30
 rè,30
ègl,30
ols,30
yce,30
? h,30
hme,30
mb ,30
râl,30
âle,30
ako,30
q t,30
ctg,30
tok,30
aby,30
obo,30
e ê,30
bje,30
bae,30
dmo,30
omè,29
q e,29
pd ,29
ixb,29
see,29
sbl,29
sap,29
cio,29
mia,29
-pr,29
alk,29
kmh,29
jve,29
-bo,29
mmé,29
 ig,29
cèn,29
srx,29
uye,29
ncb,29
olt,29
esk,29
 lm,29
qqn,29
ary,29
cls,29
 mp,29
nbo,29
fav,29
mné,29
mek,29
cém,29
jc ,29
ége,29
kel,29
n è,29
iin,29
 rm,29
rpo,29
wen,29
hno,29
ulm,29
mph,29
teb,29
s-p,29
isk,29
 ql,29
zem,29
 pf,29
cmt,29
k q,29
uze,29
thm,29
e-s,28
dle,28
xbu,28
mtl,28
fco,28
vus,28
bid,28
ii ,28
 ft,28
nft,28
ra-,28
éjo,28
eif,28
irg,28
uso,28
iki,28
afe,28
hob,28
how,28
ptu,28
may,28
u é,28
scè,28
mén,28
cfv,28
fva,28
adé,28
 tb,28
mcd,28
ibo,28
syt,28
yve,28
phy,28
- o,28
.le,28
try,28
ulp,28
jpa,28
chs,28
on.,28
qt ,28
tsu,28
amd,28
qq ,28
cog,28
rèm,28
yna,28
as-,28
puc,28
sun,28
se-,28
lob,28
iom,28
afp,28
web,28
b ?,28
voc,28
slo,28
gog,28
tph,28
icn,28
too,28
dix,28
edr,28
qlq,28
obj,28
tef,28
ogo,28
zel,28
ggl,27
ily,27
bb ,27
dee,27
pak,27
eak,27
 ml,27
rsp,27
 bt,27
-ba,27
wow,27
oso,27
ne.,27
naq,27
aii,27
ahu,27
oyo,27
 nt,27
mtu,27
efl,27
lgé,27
lsy,27
rgn,27
v j,27
eor,27
.il,27
y !,27
pez,27
dag,27
épê,27
tèr,27
ejc,27
t x,27
z o,27
t-l,27
 a-,27
iv ,27
irb,27
nbu,27
g r,27
anm,27
oky,27
eee,27
eha,27
oos,27
ych,27
g u,27
psy,27
boî,27
xpé,27
gay,27
nze,27
mik,27
tsb,27
ôme,27
z g,27
rox,27
add,26
? ç,26
bét,26
lym,26
hèt,26
uzz,26
bee,26
e-v,26
z ?,26
npa,26
nb ,26
iag,26
k y,26
- .,26
eje,26
nba,26
q d,26
: y,26
trk,26
zie,26
tzl,26
zlu,26
lf ,26
diz,26
en-,26
g b,26
eab,26
eep,26
ppi,26
c k,26
yas,26
m n,26
gee,26
-co,26
v n,26
lik,26
rtb,26
tth,26
arv,26
ocu,26
-bu,26
 sw,26
cow,26
mdi,26
anv,26
exo,26
kyo,26
tpm,26
v t,26
crs,26
nsd,26
onm,26
ody,26
 ak,26
nny,26
tdf,26
mog,26
tao,26
jup,26
 iv,26
ev ,26
pua,26
inb,26
prc,26
elc,26
swa,26
olm,25
odr,25
eer,25
dén,25
lfo,25
frr,25
uu ,25
waa,25
gum,25
jat,25
ipo,25
v o,25
gow,25
tkt,25
kt ,25
dns,25
nym,25
aho,25
cef,25
rex,25
pik,25
 gn,25
v ?,25
joy,25
 lb,25
. !,25
cyr,25
acq,25
! -,25
rao,25
ekt,25
dd ,25
atl,25
hew,25
bén,25
à ç,25
b n,25
uag,25
hys,25
xam,25
iec,25
xio,25
f é,25
 zé,25
irf,25
tuc,25
- n,25
umu,25
ady,25
ns.,25
kay,25
 ry,25
tmi,25
réh,25
cpa,25
jen,25
apl,25
i..,25
wil,25
tev,25
lve,25
lej,25
r-r,25
erç,25
s-l,25
rtp,25
èqu,25
pus,25
umb,25
ucc,24
lho,24
dac,24
ébi,24
 nv,24
eru,24
rcq,24
v b,24
buz,24
sf ,24
câb,24
âbl,24
rwa,24
pip,24
 tk,24
kit,24
rkl,24
.et,24
rx ,24
adj,24
xd ,24
job,24
ouq,24
lul,24
hak,24
z i,24
ysa,24
ipt,24
 dv,24
dn ,24
hif,24
upr,24
puy,24
ilt,24
lek,24
eof,24
heo,24
j f,24
rak,24
aj ,24
wha,24
- u,24
lto,24
xan,24
l -,24
nnê,24
lfi,24
noy,24
ekf,24
élu,24
msg,24
 gè,24
.j ,24
euu,24
uuu,24
goi,24
llf,24
-no,24
néc,24
kpo,24
hma,24
lof,24
dad,24
kie,24
owe,24
ugi,24
uêt,24
erk,24
ntg,24
thè,24
uad,24
vor,24
ubo,24
nju,24
nil,23
lms,23
rka,23
ubr,23
! y,23
bum,23
heh,23
-al,23
emn,23
llm,23
sre,23
dae,23
omt,23
séq,23
ize,23
six,23
oac,23
fél,23
ewi,23
dl ,23
pru,23
yne,23
e-a,23
now,23
kim,23
bay,23
woo,23
bug,23
ttl,23
cpe,23
kor,23
hiq,23
syl,23
lgv,23
eko,23
s-e,23
ypo,23
y h,23
eze,23
usl,23
âge,23
 gâ,23
own,23
ur.,23
kon,23
emy,23
pee,23
eju,23
 bh,23
inp,23
rèt,23
ju ,23
éon,23
idu,23
 gg,23
asd,23
sda,23
..j,23
fb ,23
iep,23
mix,23
éhe,23
-ci,23
éor,23
tfr,23
ocs,23
vib,23
oru,23
lrt,23
syc,23
dop,23
kra,23
owo,23
ofo,23
npo,23
wer,23
héo,23
enq,23
lét,23
pl ,23
sfe,23
bye,23
aja,23
quê,23
hèq,23
piz,23
még,22
âti,22
nig,22
lga,22
vié,22
y g,22
iii,22
ueb,22
évé,22
.la,22
enm,22
wic,22
nra,22
fee,22
 ks,22
yme,22
ltu,22
soy,22
rsc,22
dji,22
cky,22
azu,22
avt,22
.ma,22
ra.,22
w d,22
rmu,22
 jé,22
asl,22
ees,22
rt-,22
-cl,22
p ;,22
thr,22
noo,22
bés,22
zur,22
sot,22
eug,22
db ,22
é ç,22
edd,22
-ra,22
sén,22
q o,22
tob,22
dot,22
 yv,22
tof,22
nza,22
gim,22
kas,22
cig,22
l k,22
isf,22
maî,22
baf,22
asé,22
s-b,22
asr,22
tco,22
hiv,22
lvi,22
 u ,22
kis,22
dwi,22
 lc,22
te.,22
rtt,22
mbu,22
sst,22
bio,22
unc,22
bué,22
nid,22
ébo,22
ckp,22
itd,22
bob,22
saf,22
rs.,22
rss,22
 kr,22
pff,22
ezm,22
nko,21
uv ,21
erq,21
dme,21
cfc,21
yss,21
umm,21
 zb,21
pia,21
nmo,21
 z ,21
yse,21
afo,21
ipi,21
avé,21
kl ,21
rha,21
. é,21
 bd,21
n ê,21
dyl,21
 cp,21
i -,21
inm,21
éag,21
d -,21
dau,21
elk,21
; g,21
e-l,21
tg ,21
èch,21
 ji,21
gia,21
ysi,21
eki,21
tst,21
oei,21
zan,21
haa,21
 vt,21
vtc,21
s-t,21
jms,21
gic,21
 bs,21
âgé,21
ir.,21
sed,21
i-b,21
lv ,21
yro,21
q s,21
rty,21
? .,21
upu,21
kle,21
ylo,21
tym,21
uth,21
dul,21
oé ,21
ce.,21
nl ,21
gav,21
lak,21
ipé,21
kfe,21
lao,21
éje,21
blc,21
sug,21
lch,21
cki,21
ji ,21
 q ,21
in-,21
ops,21
ôts,20
shy,20
guy,20
rya,20
.pa,20
bue,20
iz ,20
leh,20
fdt,20
e-b,20
oxi,20
s-c,20
r x,20
uiè,20
 az,20
xig,20
izi,20
baz,20
n-p,20
pse,20
ngh,20
tum,20
kee,20
s-s,20
wat,20
eis,20
sph,20
gde,20
 dj,20
rcl,20
h..,20
maz,20
anf,20
ku ,20
bof,20
phr,20
laj,20
haî,20
gma,20
lna,20
ydo,20
roa,20
urm,20
h w,20
pèc,20
rys,20
pls,20
néa,20
etl,20
gg ,20
cum,20
et-,20
sn ,20
rp ,20
? y,20
rd.,20
svi,20
meh,20
esv,20
t-m,20
ful,20
cèl,20
eye,20
w y,20
rii,20
âta,20
owi,20
eyl,20
nsh,20
nof,20
yel,20
jm ,20
osh,20
ofr,20
lph,20
o w,20
usb,20
ntl,20
-te,20
tbc,20
gua,20
kha,20
zma,20
abb,19
v f,19
xpt,19
kai,19
koo,19
bap,19
de.,19
nla,19
-di,19
maa,19
mab,19
yet,19
rtm,19
mue,19
a..,19
ur-,19
dié,19
arè,19
rèn,19
arç,19
rço,19
obt,19
irr,19
kac,19
ané,19
g f,19
hao,19
rél,19
sc ,19
nme,19
abt,19
bto,19
b !,19
pyj,19
yja,19
joh,19
ixa,19
dpa,19
ymo,19
là-,19
omn,19
onç,19
bby,19
nje,19
mla,19
ugl,19
uly,19
vy ,19
iaa,19
ède,19
ddy,19
h -,19
kam,19
w j,19
dca,19
fiè,19
onz,19
mde,19
âne,19
thl,19
bud,19
uk ,19
fay,19
eav,19
cez,19
lb ,19
uo ,19
fru,19
jud,19
séa,19
isd,19
iaf,19
dèl,19
xit,19
uz ,19
rcè,19
ooo,19
mys,19
-qu,19
tul,19
sts,19
vré,19
usf,19
rçu,19
aft,19
ihi,19
gl ,19
 ny,19
bun,19
roq,19
sro,19
veg,19
nd-,19
dk ,19
iac,19
opl,19
 kh,19
: é,19
.c ,19
nèr,18
ggr,18
ddi,18
mne,18
keo,18
aan,18
ezl,18
zle,18
 ui,18
zbe,18
usk,18
-tr,18
ixi,18
 lh,18
b v,18
 nr,18
ièt,18
dto,18
rko,18
nri,18
ued,18
tak,18
rho,18
obb,18
 a.,18
zaz,18
gha,18
vah,18
sok,18
 rc,18
nz ,18
.co,18
xx ,18
ofl,18
xpe,18
sth,18
à-b,18
e- ,18
ktr,18
g ?,18
ndl,18
eez,18
au-,18
n â,18
eka,18
cfi,18
sél,18
uln,18
fur,18
tbf,18
âme,18
ggi,18
etg,18
z ç,18
hle,18
ël ,18
é..,18
edé,18
esg,18
sdu,18
 éd,18
ndw,18
fox,18
ti-,18
-y ,18
 oo,18
s-d,18
g g,18
réo,18
neo,18
sah,18
euc,18
 hm,18
j :,18
lae,18
erh,18
moh,18
jse,18
u -,18
lz ,18
lq ,18
gwe,18
hih,18
g n,18
lci,18
eap,18
nlè,18
éos,18
chô,18
hôm,18
ov ,18
uac,18
fug,18
hep,18
mut,18
ryt,18
chm,18
efs,18
tse,18
nkm,18
g !,18
oi.,18
aib,18
etv,18
osq,17
rug,17
spu,17
hoe,17
pc ,17
coq,17
w c,17
smt,17
inl,17
kik,17
trê,17
rêm,17
leç,17
 ei,17
r ;,17
gae,17
se.,17
cav,17
ést,17
wai,17
bry,17
buc,17
noe,17
taa,17
w s,17
iie,17
doo,17
dfr,17
abd,17
kur,17
îme,17
gr ,17
e-m,17
seg,17
rvo,17
pm ,17
w p,17
ymb,17
nur,17
etw,17
çan,17
ouy,17
déç,17
éçu,17
lda,17
igd,17
aîc,17
îch,17
lyn,17
iha,17
cah,17
hta,17
ewa,17
gât,17
r z,17
ud-,17
eyd,17
oal,17
bte,17
laî,17
eit,17
ône,17
nys,17
 m.,17
c. ,17
ofe,17
ntv,17
koi,17
sbu,17
 lf,17
o k,17
enç,17
ps-,17
jso,17
rae,17
 pv,17
k f,17
.vo,17
hay,17
keu,17
upo,17
zap,17
zid,17
 h-,17
é -,17
prs,17
jt ,17
usn,17
itb,17
saa,17
oza,17
dut,17
t-g,17
ium,17
s è,16
oel,16
gi ,16
émé,16
tw ,16
xde,16
foc,16
rs-,16
s-n,16
-ha,16
 eb,16
mns,16
kho,16
ie-,16
inr,16
viè,16
gn ,16
.me,16
c..,16
k à,16
bti,16
dum,16
tik,16
océ,16
elr,16
nîm,16
p é,16
zak,16
two,16
cse,16
enp,16
rik,16
uph,16
ioc,16
 eg,16
n î,16
ruy,16
ntd,16
êné,16
aku,16
jin,16
bts,16
cht,16
vm ,16
-sa,16
hél,16
oz ,16
urk,16
q p,16
yco,16
nr ,16
udg,16
c -,16
ciè,16
sef,16
ogg,16
zom,16
; l,16
yte,16
ury,16
pfr,16
ruh,16
rsn,16
ads,16
-br,16
nfu,16
dha,16
coa,16
ybo,16
bd ,16
laa,16
omé,16
ryl,16
-ro,16
beb,16
z !,16
teg,16
i w,16
 uv,16
cfa,16
mll,16
gèn,16
izy,16
-h ,16
kok,16
isu,16
aua,16
lur,16
lup,16
gta,16
uy ,16
shu,16
vee,16
: ç,16
uaa,16
ugg,16
uke,16
v h,16
hli,16
ûté,16
oji,16
tpo,16
nak,16
 mf,16
mra,16
s- ,16
véc,16
n-l,16
mpô,15
lyd,15
swe,15
onu,15
nvm,15
udu,15
cof,15
nbe,15
béc,15
alr,15
itn,15
tc.,15
gad,15
égè,15
heb,15
yau,15
jma,15
 dy,15
xen,15
e-r,15
rdc,15
sbe,15
gdn,15
rpg,15
gh ,15
lpo,15
gps,15
nke,15
lyt,15
ndp,15
oft,15
uj ,15
téo,15
ayi,15
tsc,15
lpr,15
aw ,15
- h,15
lpa,15
 bz,15
bz ,15
.re,15
ssp,15
tj ,15
bf ,15
zér,15
shl,15
dna,15
k g,15
lk ,15
z-m,15
. k,15
ét ,15
m. ,15
m u,15
wea,15
rdm,15
hed,15
y-l,15
ddd,15
péd,15
ntc,15
tme,15
tfa,15
y y,15
naa,15
jtr,15
adg,15
bav,15
pde,15
n x,15
amy,15
him,15
erz,15
hm ,15
jos,15
bh ,15
zoo,15
mah,15
yra,15
 pm,15
lri,15
xag,15
 c.,15
aip,15
ahl,15
edg,15
kir,15
nly,15
pod,15
 wl,15
tca,15
pne,15
ilb,15
féd,15
 aa,15
eks,15
orê,15
bsr,15
xta,15
eem,15
stl,15
ifa,15
ufr,15
ump,15
aet,15
wou,15
e â,15
lbi,15
svo,15
kun,15
d-p,15
beh,15
 hh,15
moj,15
uif,15
iad,15
u z,15
bam,15
l w,15
teo,15
pép,15
réj,15
é é,15
nv ,15
ozo,15
lso,15
soû,14
oûl,14
énè,14
tge,14
yfr,14
nck,14
dru,14
tb ,14
tèg,14
-se,14
bip,14
ddl,14
emu,14
ttu,14
lmi,14
séj,14
nrv,14
anè,14
pam,14
cv ,14
déa,14
coh,14
v v,14
rew,14
 nî,14
ts.,14
olf,14
ceq,14
auq,14
nro,14
tso,14
t-p,14
ndd,14
w l,14
 fc,14
 p.,14
aym,14
ulb,14
 k.,14
pv ,14
e.m,14
ydr,14
tfo,14
tsh,14
hig,14
cf.,14
ntb,14
ppy,14
eys,14
ylv,14
egg,14
kdr,14
soo,14
rud,14
hét,14
sfé,14
arj,14
hn ,14
wn ,14
f w,14
-su,14
atm,14
fop,14
pdg,14
aau,14
ntè,14
o z,14
ècl,14
psl,14
it.,14
ln ,14
g -,14
lyb,14
 âm,14
la-,14
à -,14
eeu,14
lpi,14
sy-,14
 ie,14
 rô,14
 nb,14
lka,14
mbê,14
frn,14
tlr,14
kad,14
cd ,14
xy ,14
pto,14
oné,14
x ê,14
bn ,14
thy,14
m g,14
-me,14
 wc,14
j j,14
xté,14
.- ,14
 ll,14
nki,14
qs ,14
ifj,14
fju,14
vx ,14
tls,14
pg ,14
gba,14
nud,14
iee,14
ké ,14
rça,14
oad,14
aob,14
scl,14
kk ,14
wel,14
tcr,14
sve,14
 sè,14
osu,14
pmp,14
iit,14
daw,14
lbl,14
û p,14
égé,14
ujd,14
vad,14
tay,14
jit,14
idè,14
tod,14
hre,14
dow,14
he-,14
f..,14
d..,14
tpr,14
 kf,14
kfc,14
-ge,14
 hs,14
ue.,14
ayr,14
.un,14
eos,14
ocè,14
zo ,14
dip,14
yva,14
éa ,14
eir,13
yao,13
nh ,13
h-h,13
xie,13
ému,13
anp,13
l ;,13
acd,13
.po,13
rpl,13
rfs,13
igm,13
mdt,13
glé,13
û a,13
ziz,13
gob,13
myt,13
meb,13
: !,13
opc,13
bak,13
bp ,13
uon,13
dco,13
- q,13
law,13
k.o,13
ûlé,13
isv,13
- v,13
skn,13
bey,13
gyp,13
pog,13
sdi,13
egl,13
g h,13
iea,13
câl,13
âli,13
bic,13
ghe,13
gru,13
onq,13
uec,13
oob,13
gun,13
lx ,13
sbr,13
hr ,13
haz,13
rnu,13
lca,13
zia,13
sje,13
dib,13
vaz,13
gom,13
eyr,13
cué,13
sgo,13
lha,13
urè,13
vr ,13
 kn,13
koz,13
nuc,13
idl,13
mcl,13
cua,13
sge,13
v u,13
kg ,13
mey,13
y -,13
swi,13
v :,13
pch,13
ubu,13
s-y,13
léd,13
 fn,13
-ca,13
grm,13
hub,13
lth,13
tah,13
dte,13
uus,13
-va,13
hdi,13
kab,13
oat,13
grê,13
 cn,13
v !,13
raé,13
aél,13
oyc,13
o..,13
z é,13
oim,13
gup,13
 xp,13
k v,13
nbl,13
 pg,13
b u,13
-pi,13
yy ,13
foy,13
ged,13
key,13
k n,13
pex,13
dog,13
zil,13
ocr,13
fte,13
jpo,13
 cv,13
stf,13
ôlé,13
sb ,13
rd-,13
et.,13
cic,13
khe,13
rym,13
eyt,13
sua,13
nod,13
gig,13
ckl,13
ecy,13
rks,13
mbs,13
nae,13
nha,13
aof,13
mre,13
ief,13
wlh,13
énu,13
 nk,13
fpo,13
kid,13
u ê,13
 ld,13
.qu,13
q v,13
utm,13
erj,13
mci,13
ybu,12
ulh,12
agl,12
sob,12
nog,12
tll,12
auu,12
.vp,12
usr,12
dde,12
yol,12
aiz,12
yus,12
lmn,12
nzi,12
éol,12
fio,12
tmo,12
. ;,12
hyd,12
wsk,12
dje,12
aai,12
êpe,12
f ;,12
anr,12
bbe,12
thd,12
qnd,12
nlo,12
dch,12
 dt,12
frd,12
 uk,12
ng-,12
aot,12
mri,12
sek,12
yoa,12
nuy,12
myr,12
ync,12
ilh,12
ryo,12
éru,12
d w,12
séo,12
fde,12
cfl,12
néf,12
lyp,12
ucr,12
rek,12
sly,12
eec,12
koc,12
nua,12
 pp,12
éav,12
tèl,12
was,12
cib,12
ayn,12
tbl,12
iej,12
ehu,12
crâ,12
rân,12
ue-,12
noë,12
xke,12
zim,12
ysn,12
- à,12
fn ,12
i ê,12
ée.,12
s â,12
rfe,12
duf,12
qqc,12
qch,12
nf ,12
al-,12
bba,12
jep,12
eyo,12
bl ,12
ugé,12
aad,12
dak,12
fpf,12
kia,12
me.,12
wc ,12
 db,12
y-c,12
 jb,12
aïs,12
nix,12
mex,12
haf,12
sax,12
yda,12
yre,12
gac,12
zé ,12
xci,12
pyr,12
sgr,12
xes,12
mii,12
h é,12
rul,12
uho,12
hém,12
rj ,12
kof,12
mso,12
z h,12
nbr,12
 bm,12
l î,12
twa,12
 hd,12
zas,12
azz,12
oet,12
géo,12
oes,12
-li,12
anh,12
asu,12
héâ,12
éât,12
âtr,12
ldi,12
mfa,12
ge.,12
rèc,12
kov,12
ébe,12
 vn,12
haw,12
ugs,12
nj ,12
yam,12
nya,12
mth,12
tne,12
kom,12
upd,12
-là,12
enk,12
iaq,12
 dd,12
ufi,12
yl ,12
mav,12
jdd,12
uuh,12
stn,12
joe,11
keh,11
pma,11
jay,11
gov,11
oi-,11
dsa,11
mte,11
tuv,11
l..,11
kés,11
inz,11
; à,11
tav,11
hne,11
mep,11
pso,11
ums,11
npe,11
b f,11
zag,11
odc,11
onr,11
uki,11
hyl,11
hue,11
imy,11
ném,11
rza,11
 gh,11
etp,11
o x,11
ux-,11
x ç,11
k u,11
xai,11
y ê,11
zac,11
-mê,11
dx ,11
rub,11
épè,11
ahn,11
azo,11
ivy,11
edl,11
 k ,11
eya,11
tnn,11
shr,11
rt.,11
sbi,11
lua,11
aik,11
 -p,11
 cq,11
reo,11
usj,11
ags,11
aos,11
 hl,11
-tu,11
adh,11
ipu,11
rhô,11
hôn,11
tbo,11
: k,11
 mb,11
thx,11
jog,11
ahm,11
uié,11
jn ,11
owb,11
idj,11
ems,11
 kg,11
rng,11
x -,11
tpl,11
odè,11
mca,11
b g,11
cde,11
hl ,11
ctp,11
hd ,11
yph,11
gâc,11
xic,11
ufl,11
nmi,11
nah,11
ojo,11
ybe,11
? à,11
mov,11
rdt,11
oïn,11
yar,11
êle,11
tze,11
èse,11
vey,11
bxl,11
xl ,11
hf ,11
yde,11
mép,11
q q,11
gié,11
jdi,11
 rv,11
iew,11
u..,11
 b.,11
peo,11
rh ,11
olp,11
û m,11
 e-,11
o ;,11
uju,11
aël,11
bim,11
dèr,11
nsk,11
amg,11
loé,11
agd,11
i-m,11
ndg,11
 j.,11
.en,11
fdi,11
jés,11
cma,11
 rp,11
ôma,11
nnb,11
iev,11
lfa,11
yée,11
x k,11
kap,11
 ee,11
whe,11
gdm,11
roh,11
 qa,11
- w,11
; c,11
iis,11
 gv,11
ts-,11
ifr,11
s-r,11
x..,11
ybr,11
tae,11
rfi,11
req,11
naf,11
zig,11
aï ,11
zyt,11
 zu,11
 dp,11
éfu,11
sak,11
fu ,11
olb,11
exy,11
éry,11
e-h,11
v g,11
aev,11
orq,11
vêt,11
en.,11
olè,11
hha,11
ucy,11
aab,11
 ey,11
éth,11
ixé,11
xé ,11
ndt,11
 -j,11
lqc,11
sqy,10
-yo,10
kec,10
agh,10
réb,10
stw,10
q a,10
wei,10
osf,10
 yu,10
h k,10
sév,10
tna,10
i ;,10
séd,10
gtc,10
eeb,10
aac,10
orw,10
cna,10
gaf,10
k -,10
q .,10
lué,10
zet,10
ezi,10
p k,10
nèt,10
tox,10
lsh,10
daf,10
 .m,10
e.p,10
 -l,10
 ov,10
sfi,10
-un,10
erw,10
-ga,10
 mv,10
yti,10
vte,10
w e,10
 qn,10
béz,10
huc,10
tty,10
gd ,10
ix-,10
tnt,10
nss,10
ybl,10
d k,10
sri,10
dka,10
loa,10
toz,10
tbr,10
 lp,10
ypt,10
hok,10
joa,10
meo,10
ttv,10
cub,10
tsn,10
b y,10
; i,10
sva,10
q u,10
vab,10
edb,10
cèd,10
gpe,10
t-r,10
d-r,10
fho,10
fod,10
.h ,10
rtd,10
tda,10
raw,10
cif,10
isj,10
zzi,10
nyc,10
eyn,10
 tm,10
mrx,10
rxk,10
tén,10
 dk,10
jta,10
ozy,10
bèr,10
èm ,10
ewe,10
.a ,10
jmo,10
qql,10
olk,10
wbo,10
wad,10
e.j,10
tsd,10
.mo,10
dao,10
lok,10
oen,10
eça,10
yn ,10
lmé,10
nky,10
yay,10
rhu,10
jim,10
 -m,10
ncè,10
cèr,10
baa,10
aat,10
 pê,10
p -,10
i-c,10
t-b,10
kli,10
kio,10
.o ,10
mlv,10
ie.,10
..s,10
..m,10
axm,10
n-s,10
sut,10
 mâ,10
: w,10
 np,10
agè,10
éou,10
ldc,10
thg,10
fei,10
ssl,10
ehh,10
hôp,10
ôpi,10
mha,10
yba,10
naj,10
owl,10
whi,10
lki,10
pnl,10
n-m,10
cdt,10
aïe,10
i x,10
vak,10
rmn,10
hii,10
ghi,10
juj,10
dsu,10
goa,10
tvi,10
 gw,10
xmo,10
k h,10
apy,10
 -a,10
-es,10
afl,10
cfb,10
bua,10
tlf,10
ilc,10
otc,10
hmi,10
hya,10
kag,10
kpa,10
aks,10
gus,10
daa,10
dah,10
oec,10
eft,10
mof,10
rsh,10
paa,10
egn,10
yr ,10
kol,10
kry,10
oxa,10
nye,10
stb,10
n ;,10
x w,10
npi,10
 um,10
myl,10
emé,10
gvt,10
al.,10
dvo,10
nks,10
lye,10
rpé,10
hte,10
woa,10
tuf,10
pda,10
pbs,10
rbl,10
anj,10
mtc,10
iek,10
yea,10
gto,10
-ja,10
 dh,10
fée,10
évr,10
ooh,10
b ç,10
-he,10
gge,10
zr ,10
 ku,10
as.,10
orv,10
moa,10
tno,10
jdc,10
cka,10
kaz,10
ojd,10
caa,9
aam,9
uxl,9
cak,9
rvs,9
 tn,9
s-a,9
ird,9
évè,9
mef,9
ulg,9
j b,9
idd,9
prd,9
; j,9
msa,9
bwa,9
ebb,9
 ff,9
ux.,9
tcq,9
e.l,9
osb,9
lrs,9
chv,9
ioa,9
ngn,9
won,9
eic,9
guê,9
emr,9
uur,9
avu,9
ayu,9
w b,9
ety,9
ézi,9
.si,9
 bp,9
iir,9
ègn,9
yx ,9
w i,9
hov,9
urz,9
péa,9
 dz,9
bly,9
omr,9
odk,9
aça,9
uyo,9
nsn,9
ahe,9
-st,9
voo,9
amr,9
xtt,9
-ly,9
 .l,9
 nl,9
eev,9
! x,9
lwa,9
wau,9
pts,9
émy,9
cdi,9
cér,9
phè,9
ked,9
edy,9
ius,9
g-g,9
-gu,9
kst,9
dli,9
-ou,9
ébl,9
npd,9
..e,9
. z,9
yfa,9
llt,9
igb,9
gby,9
esj,9
e-n,9
-ni,9
oël,9
j u,9
dnt,9
abw,9
bwe,9
luk,9
odé,9
npr,9
w m,9
m ç,9
-bi,9
dj ,9
esw,9
arh,9
mno,9
e.s,9
amc,9
él ,9
pêt,9
suu,9
iof,9
smé,9
 pâ,9
pât,9
exh,9
xhi,9
eah,9
ntf,9
-bl,9
ehd,9
byl,9
ïs ,9
ut.,9
tni,9
îl ,9
dov,9
tbe,9
kul,9
lya,9
kno,9
mu ,9
hp ,9
ogb,9
buf,9
pim,9
ntj,9
pav,9
pwi,9
tix,9
dry,9
icv,9
maf,9
a-v,9
xor,9
epp,9
 éb,9
tpi,9
i z,9
-so,9
nfé,9
b. ,9
nok,9
 aï,9
igè,9
. x,9
sht,9
rbn,9
br ,9
hik,9
-an,9
nsb,9
lbo,9
omy,9
q f,9
lèl,9
p w,9
mug,9
pn ,9
mok,9
yt ,9
 kk,9
dse,9
dz ,9
kyr,9
lbr,9
uep,9
ilu,9
roz,9
oze,9
bt ,9
nrj,9
s.l,9
ldu,9
nji,9
éod,9
çus,9
il-,9
éja,9
zzy,9
rny,9
zep,9
omf,9
: ?,9
oa ,9
réé,9
lmu,9
 -t,9
lii,9
héb,9
dba,9
boe,9
sae,9
eop,9
yno,9
niu,9
iur,9
û r,9
u x,9
iny,9
sj ,9
réi,9
pe.,9
nq ,9
rhe,9
! w,9
edc,9
 aq,9
sko,9
unr,9
awi,9
jra,9
rdh,9
w a,9
kn ,9
eaf,9
baï,9
bdo,9
oln,9
tlh,9
ohh,9
ifo,9
gy-,9
pst,9
snt,9
hhh,9
who,9
aic,9
jér,9
 hb,9
pôl,9
apn,9
ro-,9
jtm,9
rur,9
d-m,9
lg ,9
grd,9
mli,9
ryp,9
ohn,9
-j ,9
xle,8
ew-,8
w-y,8
elj,8
ayf,8
hré,8
unh,8
heg,8
oq ,8
luv,8
vèr,8
vul,8
itl,8
ixd,8
rtn,8
ndm,8
e.f,8
tsm,8
icq,8
cén,8
! é,8
dst,8
uii,8
feq,8
ély,8
 og,8
ckh,8
 ké,8
eln,8
dlo,8
 e.,8
uêp,8
emc,8
gm ,8
igl,8
mse,8
unp,8
dfa,8
yvi,8
bez,8
giv,8
uuc,8
zat,8
kss,8
ncm,8
k !,8
ayt,8
pno,8
nao,8
rfl,8
csa,8
ssc,8
vod,8
 lv,8
jy ,8
hbo,8
-gr,8
bed,8
iya,8
bdx,8
mrs,8
exv,8
mrc,8
-d ,8
mna,8
 d.,8
co-,8
u-d,8
aok,8
yah,8
p. ,8
yz ,8
nsv,8
riu,8
tek,8
ngp,8
îné,8
 xa,8
kaa,8
bev,8
mcf,8
 iz,8
lpl,8
rct,8
moz,8
gp ,8
imè,8
naw,8
ngè,8
ngc,8
gvp,8
vpo,8
hlm,8
y w,8
ve-,8
cll,8
icc,8
kny,8
pdn,8
! à,8
 tâ,8
eik,8
uka,8
lud,8
nip,8
lew,8
vn ,8
zes,8
r.c,8
a x,8
dyo,8
g y,8
s.j,8
utc,8
tje,8
cfo,8
isè,8
bm ,8
usv,8
ecd,8
é k,8
 .e,8
eiz,8
dss,8
uut,8
ui-,8
ûts,8
tss,8
rze,8
haï,8
sku,8
rêl,8
epè,8
l â,8
pyb,8
teh,8
lsi,8
ewt,8
uné,8
b h,8
oty,8
oiq,8
joj,8
boa,8
-sû,8
coï,8
ïnc,8
bui,8
ueg,8
mâc,8
amz,8
lsé,8
 bx,8
ffy,8
cmb,8
 jn,8
upw,8
k ?,8
eou,8
ckt,8
iwi,8
wi ,8
otw,8
v ê,8
isg,8
orç,8
..c,8
ér ,8
ixt,8
itp,8
lèc,8
m..,8
q b,8
 df,8
ssg,8
poo,8
fma,8
 ib,8
la.,8
i-h,8
ypi,8
atd,8
 -h,8
csp,8
-e ,8
jpl,8
s.e,8
xcè,8
ggy,8
ndc,8
 uf,8
pow,8
ièv,8
ni-,8
wet,8
avk,8
vk ,8
tii,8
fif,8
ozi,8
fbp,8
xav,8
ufe,8
û d,8
suk,8
ve.,8
dua,8
-au,8
akp,8
 eo,8
ayb,8
 fh,8
eod,8
g é,8
zeb,8
-ve,8
 ç ,8
.dé,8
pèl,8
ilp,8
elx,8
m -,8
box,8
peg,8
cmm,8
ldj,8
xfr,8
? ;,8
pf ,8
dyn,8
lno,8
e-g,8
xap,8
lgd,8
kae,8
bao,8
iru,8
.su,8
jum,8
yll,8
vaf,8
oou,8
akl,8
 ér,8
eei,8
mva,8
bow,8
eob,8
s.m,8
yko,8
stc,8
oxy,8
asg,8
eix,8
kri,8
vaa,8
uza,8
vl ,8
r.e,8
cme,8
jdr,8
akr,8
éai,8
esy,8
xti,8
ocl,8
nlu,8
yad,8
rdl,8
zze,8
slu,8
ndj,8
rzo,8
xot,8
fdl,8
ro.,8
té.,8
idn,8
tp.,8
y é,8
ré-,8
sép,8
aav,8
ntn,8
uja,8
cfm,8
hbr,8
ih ,8
azé,8
 oz,8
 é ,8
 pô,8
udé,8
 vê,8
tbi,8
stv,8
thb,8
rok,8
kre,8
oem,8
eny,8
oku,8
ejd,8
fak,8
ypr,8
ubv,8
bve,8
dlm,8
..p,8
oys,8
myb,8
ckb,8
jaj,8
gek,8
vap,8
wol,8
é ê,8
enh,8
dbe,8
frô,8
qy ,7
éf ,7
fy ,7
trs,7
brf,7
dsh,7
; r,7
; ;,7
uiz,7
-na,7
dof,7
nvl,7
dys,7
scé,7
e.d,7
oïs,7
eq ,7
tej,7
ça.,7
tnb,7
e-e,7
w .,7
kwa,7
ry-,7
ntt,7
; e,7
e. ,7
cje,7
dii,7
lsc,7
xli,7
aag,7
atw,7
ssf,7
mk ,7
jef,7
yok,7
ntw,7
s.f,7
laç,7
ésh,7
.de,7
t- ,7
iye,7
uku,7
il.,7
-sn,7
xia,7
npl,7
gga,7
lkd,7
é x,7
lvo,7
xvn,7
vnd,7
 -d,7
egm,7
zav,7
svt,7
kde,7
wl ,7
rjo,7
otu,7
rmp,7
ezo,7
lyf,7
dvi,7
osm,7
z ê,7
ebf,7
-ré,7
ieo,7
yun,7
j q,7
geg,7
m ê,7
hto,7
s.c,7
bha,7
 ln,7
csg,7
j .,7
eyf,7
aia,7
d â,7
tow,7
-et,7
ugh,7
dgu,7
à z,7
iku,7
kro,7
xas,7
djo,7
ibè,7
e.a,7
kaf,7
ayc,7
ggo,7
jed,7
pek,7
wid,7
ofc,7
; p,7
û s,7
! k,7
blv,7
zh ,7
yuk,7
; b,7
ysf,7
ryc,7
i-j,7
sèr,7
idg,7
tbm,7
dex,7
ilè,7
rph,7
xth,7
hèv,7
ssv,7
vdf,7
z y,7
cob,7
aju,7
yi ,7
mrd,7
zn ,7
dug,7
qqs,7
s î,7
tdu,7
lsp,7
uia,7
xmn,7
trp,7
uxb,7
chp,7
tyr,7
tva,7
ymi,7
vsh,7
 hp,7
ai-,7
ym ,7
aïd,7
syr,7
yin,7
-lu,7
nng,7
adc,7
au.,7
wo ,7
 xx,7
uio,7
yré,7
onk,7
zeh,7
hlè,7
eid,7
bda,7
fp ,7
gc ,7
în ,7
sju,7
oiz,7
mfr,7
zop,7
llz,7
ija,7
paf,7
bzh,7
.ce,7
adk,7
émè,7
jvs,7
yca,7
maï,7
lni,7
gwa,7
lfe,7
w o,7
huu,7
dwa,7
nns,7
û f,7
; d,7
nnt,7
okh,7
mcs,7
dei,7
lij,7
 mà,7
àj ,7
onw,7
 oj,7
t.i,7
uds,7
boc,7
uny,7
pfo,7
unl,7
 mz,7
s.p,7
ulc,7
to-,7
mx ,7
shx,7
zay,7
chc,7
icb,7
idr,7
umt,7
mtr,7
jib,7
afc,7
vro,7
yc ,7
 ia,7
ngd,7
bk ,7
oah,7
lne,7
; m,7
fog,7
l x,7
bsu,7
pko,7
nbj,7
xma,7
bde,7
eku,7
rrt,7
dlp,7
aas,7
mmt,7
fad,7
loz,7
eaa,7
rje,7
cbo,7
ééé,7
yfl,7
kta,7
nry,7
ahs,7
lra,7
utp,7
ezz,7
ngk,7
tgr,7
-ta,7
gnj,7
ui.,7
-pe,7
yso,7
olc,7
 -e,7
iry,7
muc,7
drd,7
n- ,7
nès,7
rsk,7
 rs,7
 .a,7
mta,7
vif,7
yfo,7
ngm,7
mch,7
x-p,7
iav,7
 àv,7
ssh,7
why,7
sny,7
.bo,7
daz,7
hek,7
yem,7
à w,7
cfu,7
n-e,7
mté,7
bès,7
z-y,7
dhu,7
épy,7
orz,7
 fm,7
igz,7
 gm,7
efp,7
nka,7
asf,7
zic,7
zum,7
 iu,7
bfr,7
iap,7
..l,7
sga,7
y-p,7
sdo,7
elh,7
bep,7
gap,7
-da,7
sfl,7
fly,7
 ân,7
efc,7
rhi,7
emd,7
-l ,7
osg,7
toa,7
pss,7
-fo,7
fés,7
hst,7
.on,7
 sg,7
 hf,7
smh,7
-c ,7
el-,7
? x,7
rdf,7
luo,7
.bu,7
djz,7
jzr,7
itw,7
 gs,7
naï,7
pné,7
fme,7
û à,7
iao,7
écè,7
avy,7
cok,7
utd,7
srd,7
ooz,7
ufo,7
bne,7
lll,7
y k,7
nax,7
rns,7
âté,7
tvs,7
tli,7
pms,7
ceh,7
hod,7
c w,7
mrt,7
kco,7
idk,7
jto,7
nyl,7
kao,7
oml,7
bpc,7
pce,7
g. ,7
 ky,7
gét,7
tsk,7
vnr,7
 lq,7
n-b,7
ftg,6
vst,6
cyp,6
frs,6
roe,6
uym,6
caj,6
 ez,6
xp ,6
hb ,6
iwa,6
goï,6
ïst,6
 dg,6
ar-,6
êti,6
w t,6
hul,6
ogc,6
cni,6
dud,6
etf,6
ex-,6
xiq,6
lng,6
tja,6
ovh,6
jem,6
hde,6
 è ,6
mdf,6
me-,6
ufa,6
dré,6
ryn,6
orh,6
lre,6
fpa,6
hof,6
atn,6
smu,6
otm,6
k r,6
wap,6
rg-,6
t.f,6
trt,6
srp,6
irq,6
pbe,6
ilv,6
twd,6
-fe,6
ckn,6
mrn,6
xca,6
axp,6
oeg,6
stg,6
aor,6
uèt,6
zs ,6
jml,6
sfc,6
 qi,6
trl,6
pbl,6
blm,6
ooc,6
chh,6
rq ,6
nué,6
ndh,6
cva,6
 bk,6
idc,6
clm,6
owa,6
elà,6
s.a,6
hz ,6
ilk,6
rls,6
dhé,6
 kd,6
dkd,6
rfc,6
tzi,6
nkr,6
cii,6
mêl,6
rsm,6
adt,6
dtr,6
 vc,6
nnd,6
frc,6
klo,6
jaw,6
sdé,6
céa,6
osr,6
lyr,6
nun,6
wak,6
cba,6
uér,6
go.,6
tpu,6
gb ,6
yur,6
cne,6
bik,6
.be,6
e.b,6
hdf,6
euz,6
bgr,6
jev,6
oii,6
iid,6
gvd,6
ugb,6
lko,6
udd,6
a ;,6
std,6
nvx,6
arz,6
adw,6
duo,6
.mi,6
kma,6
ayd,6
dyb,6
nup,6
n-c,6
pmu,6
pdc,6
yof,6
! ;,6
myo,6
ovs,6
yka,6
fts,6
oij,6
hgl,6
llc,6
adl,6
bbo,6
amv,6
i-p,6
dgo,6
llr,6
d x,6
zal,6
kto,6
zio,6
yee,6
kiw,6
zoé,6
ehm,6
llh,6
bod,6
uko,6
ofu,6
beg,6
lgt,6
 rb,6
luz,6
bnb,6
jab,6
ugn,6
buv,6
iip,6
iq ,6
yzo,6
snl,6
rby,6
kow,6
ijn,6
dne,6
màj,6
lty,6
enè,6
nèv,6
nwe,6
uuf,6
sèm,6
adv,6
dve,6
.el,6
nyf,6
prt,6
mdo,6
tsf,6
hèm,6
mew,6
ift,6
sya,6
aoz,6
z-n,6
osl,6
xpi,6
xa ,6
sq.,6
q.h,6
uab,6
jl ,6
aji,6
msn,6
hfo,6
.to,6
 ew,6
yat,6
ynt,6
j. ,6
yac,6
bmt,6
yd ,6
crm,6
atv,6
zis,6
usw,6
bjb,6
jbl,6
zu ,6
ndb,6
upè,6
fdg,6
gfl,6
faî,6
dga,6
léo,6
eyy,6
yho,6
edm,6
dh ,6
udl,6
feb,6
t-q,6
.no,6
yze,6
di-,6
éé ,6
ir-,6
tvm,6
.au,6
pmr,6
ohe,6
yak,6
ywa,6
iaz,6
gsp,6
e.i,6
ysc,6
reh,6
uxs,6
msu,6
q g,6
nii,6
inè,6
prq,6
mpf,6
pco,6
uks,6
lpt,6
hns,6
 bn,6
vik,6
tbu,6
itm,6
bln,6
û ê,6
vsg,6
eaz,6
kys,6
éin,6
.da,6
lce,6
raë,6
-do,6
mtp,6
àve,6
m k,6
bég,6
awe,6
 mw,6
sps,6
q h,6
rff,6
duv,6
lts,6
fof,6
hyb,6
s.u,6
ptè,6
o-s,6
gfr,6
dpr,6
hc ,6
va-,6
ylu,6
wie,6
emg,6
kka,6
td ,6
gza,6
asv,6
oer,6
tét,6
edt,6
idw,6
és.,6
d î,6
rtè,6
neq,6
tq ,6
ylé,6
p..,6
jas,6
zk ,6
oby,6
k ç,6
wt ,6
ahr,6
uzi,6
aml,6
zaa,6
ufc,6
mip,6
n-j,6
yps,6
rih,6
uim,6
hmm,6
apm,6
fbl,6
jlo,6
fae,6
uxj,6
mfo,6
 o.,6
emt,6
gti,6
htw,6
npt,6
chw,6
tdi,6
unz,6
b -,6
a-b,6
mdl,6
oho,6
gnv,6
ecc,6
jah,6
tlo,6
ebn,6
gt-,6
mop,6
kog,6
slt,6
pof,6
hus,6
elè,6
.an,6
bem,6
nhu,6
r-p,6
rpm,6
xla,6
èbr,6
bsm,6
v. ,6
kot,6
sii,6
liu,6
sà ,6
dcj,6
fév,6
 rw,6
j à,6
ekn,6
knd,6
gmi,6
ayp,6
dcl,6
ïd ,6
e.c,6
ryf,6
blb,6
mif,6
-dé,6
sèd,6
apc,6
bsa,6
? w,6
vég,6
iak,6
rgh,6
tôm,6
jbo,6
n-t,6
rkh,6
yoh,6
elz,6
 .s,6
fna,6
oxx,6
ydi,5
ecq,5
lju,5
ghr,5
ytb,5
yu ,5
lug,5
f k,5
dtc,5
fmc,5
jf ,5
lke,5
oyi,5
uéb,5
gcn,5
enw,5
nwi,5
tfl,5
v ç,5
xou,5
tqu,5
hfr,5
o-b,5
ohé,5
scp,5
dpl,5
kyl,5
rll,5
akh,5
vep,5
yaa,5
glr,5
i.s,5
suy,5
ypn,5
 mk,5
duq,5
dob,5
acy,5
iln,5
tbw,5
n-d,5
dvd,5
sié,5
y-a,5
-a ,5
caz,5
np ,5
mgr,5
egy,5
crê,5
t-f,5
lsd,5
miy,5
 mg,5
vco,5
otè,5
omd,5
yèr,5
biq,5
uou,5
wse,5
veb,5
awl,5
 .i,5
ix.,5
o-c,5
abè,5
bèg,5
lrm,5
qi ,5
 sb,5
aap,5
smn,5
rtg,5
evd,5
vdb,5
ebs,5
kmi,5
 aw,5
ci.,5
btw,5
h z,5
e-i,5
 rg,5
j k,5
.al,5
zee,5
.à ,5
eex,5
geb,5
 jh,5
: z,5
soh,5
egt,5
gu ,5
mz ,5
vnt,5
tpg,5
 tx,5
.ou,5
srf,5
utz,5
wao,5
gch,5
yju,5
tâc,5
kaw,5
s.d,5
fka,5
jeh,5
hx ,5
lsm,5
fém,5
jrd,5
imf,5
mfi,5
nsq,5
eym,5
fch,5
tve,5
néd,5
pgu,5
xch,5
hpa,5
ryu,5
çao,5
eky,5
ldf,5
dfc,5
û c,5
ee-,5
eog,5
utl,5
abc,5
jak,5
mao,5
z-l,5
iér,5
t-v,5
exd,5
jba,5
mrb,5
hrl,5
zt ,5
bbc,5
vdu,5
kob,5
fst,5
éev,5
nzè,5
zèn,5
wti,5
aq ,5
rzi,5
jel,5
.so,5
oai,5
noa,5
huè,5
ouo,5
oey,5
roï,5
c-m,5
pès,5
brn,5
cve,5
dcp,5
xib,5
eré,5
ohi,5
vsk,5
zey,5
bft,5
iks,5
udb,5
duh,5
tlu,5
pqu,5
e-q,5
cpr,5
oar,5
cda,5
crt,5
taï,5
ly-,5
edp,5
iwe,5
zab,5
oju,5
ezy,5
 l-,5
bx ,5
irp,5
rvu,5
éau,5
bma,5
fsn,5
bef,5
ogt,5
idy,5
ltn,5
ïe ,5
yha,5
imn,5
aol,5
hiz,5
dbr,5
gvc,5
vcl,5
yje,5
dsi,5
akb,5
kba,5
là.,5
cln,5
-ho,5
s.i,5
uyé,5
ije,5
.tr,5
irn,5
xo ,5
kop,5
rdè,5
gaa,5
dcr,5
yit,5
rgl,5
q ?,5
nph,5
dwe,5
miu,5
zne,5
l ê,5
kte,5
usy,5
fed,5
r-c,5
hxr,5
nzé,5
.e ,5
amx,5
pht,5
drm,5
; h,5
brr,5
rrm,5
tci,5
awn,5
ndn,5
oee,5
frt,5
e.e,5
wey,5
poe,5
yut,5
bys,5
 pz,5
dda,5
ègr,5
r.r,5
eji,5
jia,5
 yi,5
sik,5
pél,5
kod,5
uau,5
etb,5
lxi,5
hka,5
igf,5
sej,5
ggé,5
hyx,5
yxi,5
yep,5
-s ,5
ceo,5
s-o,5
ybi,5
ewh,5
am-,5
dno,5
eby,5
nbi,5
rz ,5
grr,5
s-v,5
d ;,5
loh,5
itj,5
mti,5
 w-,5
w-e,5
kei,5
 .f,5
eeg,5
itf,5
cfp,5
dly,5
grl,5
cf-,5
dbl,5
çue,5
upc,5
aon,5
tys,5
edw,5
hoa,5
ubé,5
.bi,5
rdb,5
ukr,5
ryk,5
lmm,5
smc,5
dke,5
 oa,5
igg,5
at-,5
shf,5
..i,5
wd ,5
rcm,5
vav,5
cy-,5
vma,5
ec.,5
ewl,5
lhr,5
 mj,5
sgi,5
tyt,5
iop,5
buy,5
slv,5
ngy,5
chd,5
s.s,5
mnd,5
rml,5
ieh,5
 n.,5
edn,5
shm,5
kbo,5
nlr,5
hié,5
-zo,5
soa,5
hoj,5
bbi,5
qc ,5
rbè,5
cly,5
dvl,5
seq,5
ilf,5
ri-,5
hén,5
asw,5
okk,5
 gc,5
t.l,5
dmr,5
nd.,5
urh,5
cév,5
ebd,5
tns,5
hch,5
.vi,5
ysl,5
lél,5
dwo,5
rlx,5
nèg,5
eag,5
fd ,5
tk ,5
abn,5
eov,5
tvx,5
aif,5
q n,5
édr,5
chk,5
yim,5
w q,5
tmt,5
huf,5
lj ,5
 oy,5
fea,5
gpa,5
gng,5
etn,5
mle,5
kea,5
nbm,5
ccl,5
ioo,5
brè,5
byc,5
ycr,5
lps,5
plô,5
lôm,5
ndz,5
ldr,5
e.v,5
lfl,5
shb,5
wii,5
tfc,5
lp-,5
n.j,5
 -c,5
ubt,5
fg ,5
dsc,5
fev,5
dax,5
.g ,5
fib,5
yom,5
olv,5
gep,5
gho,5
ypa,5
thh,5
mej,5
ctm,5
ayz,5
uxq,5
xqu,5
dta,5
-mè,5
y-s,5
mgw,5
auh,5
uhl,5
mya,5
unu,5
htm,5
vsp,5
psi,5
ysb,5
yni,5
kak,5
q r,5
l.a,5
 àl,5
osk,5
sov,5
yot,5
 kc,5
iil,5
r- ,5
tki,5
anw,5
 v.,5
tvr,5
npu,5
exl,5
cjd,5
oxo,5
oaz,5
inw,5
mco,5
tcu,5
nyv,5
thn,5
ryw,5
cvi,5
 â ,5
yaz,5
zea,5
ebc,5
o-r,5
fiz,5
pax,5
cdb,5
alw,5
r.a,5
nmu,5
ogm,5
.-d,5
ruu,5
rkr,5
uol,5
sué,5
mze,5
hog,5
n.f,5
.s ,5
nhs,5
myn,5
 g.,5
vlo,5
ssd,5
opd,5
poé,5
aue,5
.e.,5
k w,5
ïen,5
ttb,5
 hj,5
ssè,5
luu,5
ssb,5
lje,5
ésc,5
ixl,5
gok,5
hua,5
joo,5
d.n,5
.na,5
xne,5
xra,5
 hc,5
ct.,5
ibs,5
iut,5
iia,5
kah,4
ât ,4
qe ,4
eea,4
 ôt,4
frv,4
ftw,4
pdr,4
 .p,4
uxn,4
oox,4
foq,4
i-d,4
ubw,4
lxn,4
dhe,4
ffm,4
r-h,4
yii,4
pga,4
.mê,4
 s.,4
axt,4
gz ,4
sbd,4
dhi,4
isz,4
jua,4
phl,4
psc,4
ydl,4
.gr,4
oez,4
lo-,4
 cj,4
.id,4
c z,4
jid,4
ahc,4
syv,4
yoy,4
a.m,4
hda,4
mjo,4
sss,4
uev,4
p.w,4
.w ,4
g-p,4
ghu,4
cdm,4
veh,4
vd ,4
im.,4
m.d,4
 y-,4
jri,4
sa-,4
cay,4
 jy,4
ozz,4
nc-,4
snu,4
chb,4
zah,4
moe,4
-mé,4
jax,4
axx,4
chg,4
cmd,4
jvc,4
e.u,4
gly,4
fth,4
 gy,4
ymn,4
gms,4
nlb,4
lbn,4
cz ,4
gib,4
thp,4
mkl,4
cff,4
dbu,4
olw,4
mnn,4
mèc,4
l. ,4
zde,4
zam,4
ldd,4
lyz,4
b w,4
zaf,4
y ç,4
tbé,4
rc-,4
i.c,4
gtd,4
xau,4
ecv,4
aem,4
h.p,4
 fs,4
ikk,4
bii,4
koa,4
 ng,4
j g,4
lky,4
kdo,4
dgc,4
rdy,4
iky,4
fuy,4
béq,4
u-t,4
ndv,4
aaf,4
jro,4
 if,4
zép,4
dya,4
lkl,4
llb,4
edx,4
xto,4
f- ,4
rôt,4
pii,4
iik,4
 zh,4
shn,4
mv ,4
 l.,4
kms,4
axy,4
-jo,4
gef,4
kyf,4
bup,4
nrh,4
m w,4
sja,4
smb,4
mbz,4
bzz,4
auz,4
dbi,4
lcr,4
 .j,4
r.b,4
vip,4
w v,4
iès,4
nih,4
dff,4
deq,4
ceg,4
mdu,4
éam,4
ôn ,4
.ja,4
; o,4
nkl,4
oas,4
aht,4
cao,4
ydu,4
ïne,4
 qe,4
rér,4
ac-,4
cmi,4
obé,4
otp,4
uhi,4
fym,4
 ud,4
guc,4
hll,4
ikm,4
 p-,4
mda,4
bif,4
jaz,4
wns,4
dnc,4
 mh,4
noj,4
ctc,4
ygu,4
cns,4
wom,4
gw ,4
wll,4
mro,4
mbd,4
pnb,4
he.,4
bco,4
byd,4
seh,4
plz,4
gtr,4
um.,4
waw,4
éed,4
exf,4
pao,4
adb,4
éut,4
hij,4
égy,4
nc.,4
i-a,4
; s,4
afu,4
à..,4
urj,4
tuy,4
aln,4
dyd,4
t.c,4
kij,4
nm ,4
boh,4
haë,4
kav,4
uum,4
x-r,4
wam,4
uxm,4
lwe,4
fba,4
gop,4
atf,4
tht,4
agy,4
iju,4
sèv,4
fsh,4
chq,4
-éc,4
spc,4
yfi,4
yga,4
fcb,4
tey,4
jut,4
ezp,4
odw,4
iu ,4
vch,4
 vb,4
nwa,4
 mx,4
ssr,4
tât,4
unj,4
jph,4
mrl,4
nku,4
vrl,4
 yn,4
idv,4
scn,4
mvt,4
hyè,4
w h,4
-or,4
irv,4
kmp,4
.ro,4
iké,4
ahb,4
ekl,4
njy,4
tka,4
avs,4
ààà,4
phn,4
osd,4
lèn,4
onx,4
gej,4
-ti,4
e.r,4
..d,4
acf,4
loï,4
gik,4
fto,4
ryh,4
hoz,4
ngf,4
céc,4
l.c,4
séb,4
itè,4
d.v,4
zha,4
pps,4
mmd,4
rjm,4
oof,4
ysh,4
égâ,4
j- ,4
é ;,4
c.f,4
ngw,4
luf,4
hgi,4
.r ,4
mpy,4
rbb,4
cbr,4
ffs,4
tkr,4
rua,4
xbo,4
dgr,4
fo.,4
 bv,4
a-m,4
-mu,4
ch.,4
ay.,4
dce,4
mza,4
gll,4
nié,4
lja,4
gko,4
ruz,4
nxt,4
-lo,4
fha,4
tdo,4
vni,4
xv ,4
crc,4
 px,4
n.p,4
f è,4
ds-,4
cx ,4
okc,4
 k-,4
vii,4
yod,4
cld,4
h.m,4
gdl,4
unf,4
; t,4
lnp,4
btr,4
hg ,4
diu,4
aké,4
 fâ,4
fâc,4
wch,4
nvt,4
kus,4
ifm,4
zoe,4
z -,4
rsl,4
xdu,4
 yé,4
omw,4
lfs,4
fsj,4
-vs,4
rcf,4
zpa,4
cgs,4
hbl,4
eom,4
plc,4
utn,4
gsm,4
ay-,4
p x,4
 xe,4
efd,4
wib,4
dok,4
oks,4
 oé,4
llp,4
 w.,4
iob,4
ohr,4
hyg,4
éï ,4
brt,4
wih,4
 r.,4
syd,4
eyh,4
 kp,4
ryb,4
-ét,4
éop,4
lfu,4
if-,4
bj ,4
..o,4
inç,4
uxc,4
lpz,4
mih,4
ojr,4
lcp,4
eib,4
klé,4
kya,4
sd ,4
nyr,4
l-t,4
eml,4
mls,4
mga,4
xol,4
kos,4
udm,4
ayy,4
iog,4
vfr,4
adè,4
.ra,4
yzi,4
ygr,4
ofa,4
néo,4
lze,4
nuq,4
z k,4
eiy,4
mja,4
név,4
jir,4
yto,4
myw,4
fh ,4
tew,4
kr ,4
gaw,4
ryz,4
bho,4
doe,4
uty,4
xin,4
ot.,4
sru,4
éit,4
dso,4
ptr,4
fiv,4
,4
xse,4
lyv,4
kbu,4
paj,4
lhu,4
xar,4
etm,4
rdp,4
- é,4
imc,4
..u,4
 ik,4
 xm,4
 hg,4
h.b,4
avn,4
hej,4
ifé,4
bfc,4
zyk,4
- !,4
rld,4
ulf,4
msl,4
di.,4
 -o,4
kke,4
rôn,4
jét,4
cnd,4
dpd,4
csh,4
gev,4
jof,4
nsy,4
heq,4
emk,4
ou-,4
rgt,4
hts,4
t-h,4
.i ,4
o-a,4
ifu,4
gak,4
dfi,4
wra,4
pgr,4
uhh,4
kse,4
lmd,4
 t.,4
s-u,4
ar.,4
r.m,4
dzo,4
zla,4
aak,4
rja,4
cqf,4
qfd,4
 cè,4
sip,4
éfr,4
ddo,4
-ok,4
lév,4
aay,4
o. ,4
drf,4
otl,4
mmm,4
ygn,4
d-o,4
wne,4
odb,4
zik,4
pix,4
ldl,4
sdr,4
mpw,4
pwe,4
dfe,4
x-h,4
-hu,4
.in,4
.ca,4
si.,4
ltz,4
n-r,4
ahg,4
kib,4
jno,4
iix,4
oed,4
-be,4
uam,4
icw,4
q ç,4
rsv,4
ôtr,4
r-l,4
; a,4
ysm,4
oia,4
; ç,4
gey,4
amk,4
r-s,4
zor,4
cn ,4
njs,4
rêp,4
sdc,4
 -v,4
hèn,4
nsj,4
 .-,4
zeu,4
lss,4
kig,4
q k,4
gip,4
zei,4
stt,4
oxe,4
i.j,4
mdp,4
slc,4
w :,4
ïla,4
up.,4
trd,4
tce,4
 .c,4
uxx,4
nvy,4
tdl,4
zut,4
irk,4
adf,4
akt,4
f x,4
cbe,4
omu,4
n.-,4
v -,4
msf,4
krk,4
rkk,4
yhe,4
uéd,4
umz,4
mzu,4
ul.,4
iah,4
h- ,4
ods,4
yae,4
ywh,4
nnh,4
cko,4
bih,4
héh,4
ééc,4
hwa,4
pj ,4
epk,4
..v,4
oés,4
sgm,4
nub,4
akn,4
brb,4
i.e,4
ép ,4
ecn,4
iaw,4
llv,4
st.,4
vrd,4
w à,4
oow,4
qcv,4
nug,4
jub,4
lèb,4
blr,4
rnl,4
sém,4
taz,4
ahf,4
vex,4
iic,4
-pl,4
pud,4
v y,4
suz,4
uun,4
iho,4
nyo,4
lgb,4
gbt,4
 -q,4
nvr,4
xlb,4
téa,4
zun,4
icy,4
ngz,4
ysy,4
ksm,4
kfr,4
zmo,4
zek,4
cry,4
ocd,4
 vy,4
amh,4
gyo,4
sza,4
kni,4
agw,4
yge,4
-tê,4
à x,4
iby,4
glm,3
exs,3
rky,3
kyy,3
ify,3
ihu,3
sft,3
fda,3
aoi,3
psh,3
ezf,3
etd,3
dik,3
ehb,3
 lx,3
xnv,3
vly,3
fry,3
otz,3
sye,3
-vé,3
n.m,3
s. ,3
cfe,3
el.,3
 ox,3
ewy,3
wyo,3
hvi,3
ncê,3
cêt,3
ftm,3
lpc,3
wos,3
atj,3
r-b,3
sdb,3
tpb,3
rdj,3
znt,3
vh ,3
shd,3
r.i,3
jpg,3
cpo,3
iun,3
ldp,3
vhs,3
hce,3
rsy,3
brl,3
uua,3
s-g,3
vef,3
mvr,3
cxl,3
anx,3
imj,3
ai.,3
faz,3
cmo,3
lt-,3
awy,3
dvt,3
obp,3
ého,3
kyk,3
yki,3
- :,3
geh,3
svs,3
.pr,3
liy,3
kic,3
-yv,3
âto,3
-ar,3
hgt,3
dtn,3
ply,3
wix,3
udy,3
dym,3
qlu,3
veq,3
duj,3
jih,3
d.g,3
.ga,3
fom,3
.ne,3
fcu,3
zol,3
ptp,3
klp,3
cch,3
rrn,3
q :,3
unè,3
msr,3
ahz,3
ipr,3
dho,3
drz,3
iay,3
yrt,3
ésé,3
nnn,3
.ça,3
-dr,3
.cl,3
odl,3
osj,3
jpn,3
eow,3
ksi,3
kko,3
iio,3
oap,3
xcs,3
- ç,3
oev,3
vll,3
pdu,3
jnt,3
éll,3
dvn,3
ueh,3
yf ,3
hry,3
-rh,3
tx ,3
bzl,3
zb ,3
uxa,3
pll,3
hwe,3
atb,3
tmb,3
kyd,3
ydx,3
bfn,3
rmd,3
chz,3
lld,3
-th,3
tiz,3
.do,3
afk,3
aiy,3
fii,3
eef,3
lwi,3
dxt,3
os.,3
û v,3
j n,3
l-v,3
.qm,3
ctè,3
op-,3
éza,3
etj,3
msb,3
acb,3
hud,3
wwe,3
udf,3
pcp,3
rrg,3
iae,3
bsx,3
uyu,3
bcd,3
izh,3
-am,3
fob,3
éj ,3
nsz,3
sze,3
e.-,3
sw ,3
svr,3
dfu,3
xil,3
ehr,3
ezt,3
jae,3
 zn,3
vth,3
eua,3
iôn,3
u è,3
ps.,3
msh,3
jod,3
yeh,3
byr,3
sz ,3
cyd,3
dti,3
fue,3
wht,3
ocm,3
fbs,3
tz-,3
jow,3
owk,3
jbf,3
ryd,3
lqs,3
ptc,3
tcs,3
cso,3
zda,3
gsh,3
-à-,3
dps,3
mvo,3
aiw,3
nnp,3
sdx,3
fcl,3
eyi,3
fax,3
aep,3
wlo,3
eyg,3
.br,3
tsl,3
ruk,3
eàl,3
izé,3
af.,3
ngx,3
mib,3
pgw,3
w !,3
cku,3
gvs,3
.pt,3
yuu,3
llk,3
sby,3
i-s,3
 ow,3
ylt,3
kym,3
ss.,3
 x.,3
x.x,3
ôto,3
jey,3
exb,3
rhé,3
wyd,3
miz,3
izu,3
dko,3
 xi,3
.d ,3
pbp,3
bpb,3
ydy,3
dyp,3
.cu,3
ngj,3
êt-,3
ctn,3
ufx,3
xwa,3
oë ,3
nx ,3
 .t,3
rij,3
epm,3
pkk,3
hng,3
gmo,3
tmp,3
hvn,3
vnn,3
wsm,3
lvé,3
véd,3
édè,3
p-e,3
nij,3
adn,3
è c,3
rôm,3
fll,3
éar,3
oj ,3
pyd,3
thw,3
qam,3
hq ,3
t-é,3
epc,3
fx ,3
ryg,3
hpr,3
 wr,3
srs,3
bmw,3
mw ,3
abp,3
zpr,3
iyn,3
uxd,3
mzn,3
tsv,3
tke,3
xre,3
o-é,3
rlb,3
-gi,3
- z,3
ryr,3
yru,3
pmo,3
ezn,3
myp,3
drb,3
mgf,3
çà ,3
ibb,3
idb,3
dvr,3
om.,3
ip-,3
kum,3
upf,3
c- ,3
hsp,3
eew,3
 sz,3
gél,3
acm,3
-pè,3
kez,3
; f,3
zzo,3
vkm,3
lo.,3
zex,3
xvi,3
etk,3
mms,3
glb,3
dth,3
-av,3
auw,3
oyd,3
tvb,3
brg,3
swo,3
xhn,3
èré,3
g ç,3
-âg,3
aed,3
tdé,3
 .v,3
hlé,3
ppè,3
hmh,3
mhm,3
tlz,3
zfr,3
afs,3
fsa,3
plt,3
bch,3
oja,3
l-c,3
dms,3
fff,3
y z,3
azh,3
hhs,3
rax,3
abg,3
d.s,3
evs,3
ahd,3
pék,3
éki,3
drj,3
âts,3
lgg,3
uul,3
 .n,3
ac.,3
wed,3
olr,3
cyz,3
-e-,3
d.r,3
 wy,3
ynn,3
d-v,3
r-t,3
déz,3
ézo,3
vrj,3
baw,3
 x-,3
fta,3
xof,3
owm,3
wme,3
o.q,3
kln,3
bvo,3
nbb,3
upm,3
cuv,3
imz,3
mgo,3
odn,3
otk,3
wav,3
qad,3
nps,3
kje,3
gln,3
uyl,3
wnl,3
ptt,3
ssk,3
; n,3
mfl,3
lgu,3
ntz,3
x-c,3
zot,3
gpl,3
pov,3
maw,3
awk,3
ghh,3
hso,3
iyo,3
pvr,3
bsl,3
axa,3
-si,3
siz,3
c x,3
uw ,3
unb,3
sdj,3
tl.,3
iud,3
b x,3
skl,3
.m ,3
ksz,3
lâm,3
kja,3
viw,3
hxd,3
r-m,3
mws,3
fbe,3
sé.,3
 àh,3
ndf,3
dfl,3
-go,3
nnc,3
uay,3
; v,3
byf,3
phc,3
hca,3
clb,3
drl,3
jne,3
ouw,3
tih,3
xtb,3
nux,3
e.t,3
 .b,3
ecf,3
vtr,3
njr,3
iw ,3
syj,3
ic-,3
c-r,3
mrf,3
mmh,3
éej,3
r.j,3
 wd,3
tju,3
yhb,3
hba,3
wle,3
ifn,3
-in,3
foz,3
jsq,3
ydé,3
euk,3
gsc,3
vao,3
sjo,3
keg,3
grp,3
shs,3
éis,3
coj,3
ms-,3
lrh,3
o.r,3
htr,3
trx,3
iyu,3
amf,3
éec,3
wem,3
pdl,3
lxc,3
pz ,3
b é,3
sgu,3
udp,3
oav,3
mje,3
vbn,3
fdu,3
râv,3
âve,3
bga,3
abz,3
lpp,3
gaç,3
edk,3
ij ,3
rgr,3
iox,3
xys,3
fdj,3
-ix,3
: ê,3
un.,3
smy,3
m-l,3
pup,3
kii,3
fmi,3
eyz,3
ulx,3
isw,3
ibn,3
hiy,3
jlm,3
eip,3
apb,3
xsh,3
t î,3
bsn,3
jis,3
odt,3
ofz,3
njm,3
yax,3
jok,3
ohu,3
ixo,3
 wm,3
wmy,3
afh,3
t è,3
dlr,3
ès.,3
teq,3
..a,3
nsg,3
eoz,3
fcg,3
cgb,3
ûla,3
ncn,3
 fw,3
 tè,3
gec,3
 wn,3
lmr,3
imv,3
lé.,3
ién,3
û t,3
jch,3
ntq,3
nlt,3
xn ,3
kyz,3
cbg,3
drn,3
azk,3
cmp,3
lkh,3
imh,3
.sa,3
sré,3
yvr,3
é-l,3
irè,3
u ;,3
psr,3
amj,3
mng,3
gbo,3
nyd,3
mds,3
bmé,3
 -n,3
tép,3
t-j,3
sdm,3
khy,3
dll,3
..q,3
hym,3
xxi,3
igp,3
mhd,3
hdo,3
ao.,3
o.j,3
l-d,3
ecb,3
ixm,3
 .o,3
k k,3
bv ,3
-o-,3
-él,3
hdv,3
 mô,3
.tu,3
b k,3
iiz,3
hls,3
p-l,3
ou.,3
nty,3
rsb,3
rlr,3
lih,3
t-n,3
àla,3
hbt,3
hss,3
bsé,3
icé,3
trr,3
n-v,3
ls-,3
umn,3
s-h,3
yeb,3
aty,3
 yl,3
slm,3
htf,3
tgi,3
é.p,3
ol.,3
ddu,3
f ê,3
avd,3
fz ,3
 ej,3
kug,3
gyu,3
tmé,3
 bw,3
éju,3
ltt,3
héc,3
voe,3
.ap,3
hk ,3
nyp,3
loj,3
odz,3
.ah,3
aez,3
mlo,3
mln,3
zyb,3
ttc,3
tcy,3
jns,3
jbd,3
luj,3
..t,3
pkp,3
kpk,3
 m-,3
rvè,3
vèg,3
chê,3
hên,3
 nc,3
ecp,3
eu.,3
? é,3
aey,3
ldw,3
jil,3
 w ,3
pcf,3
r.v,3
mxl,3
tov,3
gpi,3
kz ,3
wok,3
éc ,3
ayg,3
adp,3
kmr,3
clg,3
lcm,3
rcc,3
inx,3
oî ,3
 cx,3
pae,3
ifp,3
hfa,3
gzn,3
mwe,3
rdd,3
fr.,3
stq,3
goh,3
t.s,3
toq,3
ovr,3
n.i,3
hhi,3
 fz,3
zit,3
lyl,3
tyj,3
upg,3
tml,3
dyv,3
hyn,3
éog,3
syo,3
lza,3
ny-,3
pgl,3
v k,3
h x,3
mqu,3
ufk,3
nvb,3
inô,3
cwo,3
woe,3
sfh,3
nuo,3
cek,3
 vô,3
vôt,3
byg,3
ygm,3
o-m,3
hgo,3
buu,3
os-,3
-py,3
hnt,3
lff,3
cfs,3
rmb,3
hms,3
utk,3
ysu,3
pnd,3
lhi,3
dek,3
vto,3
nw ,3
smr,3
ilr,3
zyc,3
dyi,3
cbi,3
ehl,3
rsr,3
obè,3
pey,3
cph,3
wig,3
upn,3
hlr,3
dd.,3
d.f,3
aek,3
okn,3
eoc,3
wk ,3
s.b,3
xcé,3
hsl,3
l- ,3
ylb,3
huh,3
ikt,3
dye,3
tyz,3
kfo,3
eyb,3
ptk,3
cnf,3
 -.,3
-.-,3
aïl,3
uea,3
rpd,3
hln,3
fso,3
faf,3
zed,3
dnd,3
yzz,3
.ba,3
p.f,3
ckw,3
g w,3
csc,3
yke,3
rjv,3
shh,3
kyu,3
tèt,3
odd,3
umr,3
udc,3
r.l,3
eoo,3
f-p,3
vyu,3
wsl,3
oax,3
taî,3
f. ,3
fah,3
elw,3
-pé,3
ffp,3
ubb,3
d. ,3
jfl,3
psd,3
 zz,3
zzf,3
aoe,3
gvm,3
ng.,3
ywo,3
vé.,3
wsf,3
muk,3
xco,3
veo,3
rwe,3
syp,3
kbi,3
 mî,3
arw,3
dtb,3
-cu,3
kaï,3
aïn,3
icj,3
rnr,3
apj,3
ebm,3
.ch,3
msc,3
uey,3
px ,3
jrc,3
prg,3
û e,3
jag,3
.ta,3
vét,3
olà,3
ixx,3
byb,3
xpu,3
acp,3
zzl,3
éhé,3
atg,3
khi,3
-sé,3
ueç,3
brp,3
xok,3
ved,3
lox,3
jfk,3
lâ ,3
sv ,3
dlc,3
n.b,3
txl,3
atx,3
zhe,3
bcb,3
.ya,3
 qg,3
tfm,3
klu,3
hsa,3
saj,3
hjo,3
ooi,3
jeû,3
eûn,3
ûne,3
lvr,3
 jg,3
vup,3
iég,3
fti,3
dox,3
ofd,3
cgu,3
nyt,3
nép,3
q à,3
té-,3
skt,3
yop,3
szi,3
gei,3
zef,3
yjr,3
bcr,3
uud,3
d-e,3
ugr,3
kld,3
nrm,3
ayv,3
cmn,3
nhi,3
ulê,3
lêm,3
lbs,3
dmn,3
 zè,3
lvl,3
djf,3
fml,3
n-a,3
caï,3
aef,3
bgo,3
y-b,3
-à ,3
nçu,3
ezu,3
qa ,3
ckm,3
ulv,3
haj,3
oïd,3
ïde,3
dlg,3
g k,3
fni,3
n.c,3
hès,3
evn,3
gex,3
yfe,3
 jj,3
ové,3
nyb,3
ecm,3
dfo,3
eia,3
i è,3
scf,3
ot-,3
ygi,3
..n,3
i- ,3
maç,3
tmu,3
ckd,3
fdr,3
icd,3
bsc,3
glk,3
aeh,3
ggè,3
wiz,3
pif,3
abj,3
-eu,3
sxe,3
bni,3
rvl,3
eaq,3
t.e,3
jfi,3
gca,3
lru,3
ud.,3
myy,3
: x,3
guo,3
zir,3
dèc,3
rdn,3
odj,3
aee,3
mmg,3
hmu,3
zeg,3
ksw,3
kau,3
mtf,3
fuj,3
uji,3
ad.,3
kh ,3
fl ,3
kut,3
ewz,3
gwi,3
xng,3
-hé,3
nsr,3
zén,3
dsd,3
sew,3
-ab,3
zéb,3
uft,2
xsq,2
vox,2
yyt,2
yjk,2
jko,2
sih,2
akz,2
e ô,2
mpd,2
bsi,2
otn,2
shé,2
ciw,2
edh,2
mcn,2
.vs,2
uos,2
koy,2
bta,2
apg,2
trn,2
aeg,2
ch-,2
a-p,2
bdu,2
-ec,2
-us,2
kéo,2
 kw,2
hlp,2
y-v,2
 cà,2
càd,2
àd ,2
-b ,2
b..,2
uwo,2
uew,2
pbo,2
ezr,2
zre,2
atq,2
awh,2
whu,2
vhf,2
mcv,2
juu,2
pgi,2
e-u,2
bdl,2
aiu,2
hsu,2
llx,2
zus,2
fuu,2
-ac,2
khn,2
hna,2
nxi,2
yxe,2
glu,2
eii,2
woi,2
waf,2
azg,2
gnc,2
cpm,2
-ri,2
wye,2
aoh,2
lnu,2
îna,2
kyb,2
ekp,2
.fi,2
fuk,2
kuo,2
pgn,2
t-y,2
n-g,2
 g-,2
g-s,2
kna,2
mgu,2
rnp,2
aws,2
wso,2
iov,2
fao,2
ixc,2
nbp,2
tgo,2
dcu,2
diè,2
mry,2
rè ,2
ouè,2
 ys,2
rkd,2
bnz,2
nzs,2
bcz,2
jot,2
faq,2
yia,2
huî,2
uît,2
hpe,2
cpt,2
dlx,2
 zd,2
ctz,2
ypl,2
s.ç,2
bél,2
.cg,2
ezd,2
e.h,2
-té,2
p z,2
s.r,2
x-s,2
bko,2
pôn,2
ôns,2
pni,2
lsf,2
fey,2
evl,2
bsh,2
rlk,2
uél,2
a-g,2
dcd,2
ad-,2
ît-,2
pge,2
s.o,2
kbe,2
tuk,2
tdg,2
dyj,2
mdg,2
dva,2
lds,2
prn,2
.he,2
vci,2
.ka,2
noh,2
béd,2
jfu,2
ajr,2
nnl,2
ljn,2
kfl,2
rjr,2
 lw,2
azd,2
jb ,2
sqt,2
- ê,2
kbl,2
u-v,2
zél,2
s.q,2
pué,2
uét,2
.fl,2
p-t,2
pdb,2
m ;,2
tmn,2
kly,2
lcf,2
eao,2
 c-,2
c-o,2
trg,2
o.b,2
ltl,2
cfg,2
fgr,2
msi,2
itq,2
kts,2
cbn,2
fcn,2
uzo,2
d.l,2
fya,2
ihd,2
 hx,2
xpp,2
btl,2
ué.,2
rbg,2
léz,2
oyp,2
xal,2
uxp,2
kvt,2
imd,2
bek,2
ddh,2
drx,2
gof,2
do.,2
o.v,2
etè,2
tèc,2
dyf,2
zwe,2
vtt,2
ngb,2
ogy,2
wxl,2
xlf,2
tyc,2
ge-,2
taw,2
htz,2
zev,2
pln,2
prp,2
tyo,2
u-b,2
bsp,2
fms,2
msp,2
fsi,2
bij,2
yov,2
eyk,2
ldh,2
dhf,2
aeq,2
étc,2
fo-,2
o- ,2
c.o,2
doh,2
mdh,2
dhl,2
aïw,2
ïwa,2
y-m,2
uèr,2
kih,2
kb ,2
icg,2
mrv,2
a.c,2
pwn,2
 yr,2
fét,2
emè,2
mèd,2
pld,2
àli,2
f.s,2
gnn,2
kc ,2
roî,2
uvu,2
kup,2
fub,2
voa,2
zll,2
ipb,2
ubm,2
oww,2
ldm,2
bub,2
éas,2
é z,2
b.t,2
.ti,2
drh,2
g z,2
swb,2
lôt,2
vdo,2
mym,2
fbo,2
llô,2
lô ,2
 dw,2
dwy,2
zuk,2
drs,2
rtv,2
kyn,2
ynu,2
dyk,2
hgu,2
uek,2
byz,2
zow,2
hkr,2
c ê,2
gju,2
tnm,2
fxw,2
avl,2
vui,2
ysw,2
isx,2
duy,2
owh,2
ffd,2
dgl,2
tgm,2
alq,2
dci,2
wre,2
mmy,2
bpa,2
xda,2
zd ,2
qur,2
ftk,2
ésp,2
uup,2
whx,2
mxi,2
pjo,2
j.e,2
i-o,2
.du,2
 hq,2
rdg,2
dgh,2
rtf,2
bym,2
mé.,2
mpm,2
ccy,2
cyx,2
zno,2
qr ,2
hdp,2
wjs,2
jrm,2
gff,2
ltm,2
 çà,2
cvr,2
shv,2
mxx,2
xxd,2
uux,2
hxw,2
erê,2
wnd,2
hye,2
p-h,2
pfa,2
ooe,2
mxr,2
nlf,2
ymu,2
ohm,2
uhy,2
u-p,2
hve,2
gds,2
.md,2
pcb,2
fph,2
wrt,2
c.r,2
pzs,2
abm,2
lbt,2
làà,2
- y,2
ohè,2
mrg,2
gbr,2
noz,2
hdu,2
p ê,2
é-b,2
koe,2
n-â,2
udn,2
pbd,2
.ri,2
kyt,2
bix,2
ç v,2
uhe,2
vde,2
ahk,2
geq,2
lzf,2
fij,2
fce,2
 éj,2
vof,2
up-,2
ût.,2
jhm,2
iys,2
ctl,2
rnf,2
psb,2
 kt,2
xié,2
so.,2
kve,2
t.-,2
zys,2
- ;,2
gfo,2
prr,2
rrè,2
foe,2
uxf,2
rzt,2
ulè,2
t â,2
 âp,2
âpr,2
pt-,2
xtf,2
 dî,2
.d.,2
xju,2
wyn,2
! ê,2
 éo,2
-tk,2
krl,2
ehn,2
sdk,2
awo,2
x-m,2
oyf,2
ikl,2
hyr,2
m-t,2
uwe,2
eyc,2
lzo,2
y..,2
êt.,2
x ;,2
 ih,2
bxt,2
dyg,2
ygl,2
kyw,2
siy,2
acn,2
ckr,2
èdr,2
f-l,2
wst,2
lns,2
sfw,2
fw ,2
ttd,2
mmx,2
mxv,2
fcr,2
pxt,2
luy,2
lén,2
-cr,2
zgo,2
tjo,2
nuf,2
wkw,2
opf,2
qan,2
s.v,2
at.,2
dbc,2
bcl,2
pnt,2
tmr,2
 yb,2
fpi,2
 qo,2
qos,2
atz,2
tzo,2
xus,2
l.f,2
vpa,2
dxn,2
xnl,2
eéc,2
wbk,2
glh,2
fct,2
unm,2
ddn,2
rdz,2
bhn,2
 xv,2
quj,2
ujv,2
niw,2
wba,2
lqn,2
dé.,2
h.j,2
piu,2
nét,2
blâ,2
ebg,2
yaf,2
fmu,2
o.t,2
emq,2
mqs,2
op.,2
.ok,2
nrg,2
pum,2
nyi,2
àh ,2
fls,2
cxf,2
wdo,2
bng,2
imr,2
dct,2
zix,2
utw,2
xbe,2
l-f,2
duz,2
spv,2
.mu,2
nkh,2
nhl,2
 vv,2
ezc,2
zca,2
wli,2
odf,2
fcf,2
yis,2
rvm,2
pys,2
hps,2
zhi,2
c ;,2
awd,2
wde,2
xab,2
fnr,2
rrl,2
ï d,2
ï .,2
bmx,2
lck,2
mj ,2
icm,2
lkr,2
krm,2
bdk,2
vli,2
jiv,2
ukm,2
 wg,2
fht,2
gns,2
yta,2
yup,2
sjd,2
 vf,2
sdn,2
syb,2
gcr,2
n. ,2
myg,2
puu,2
jkb,2
yug,2
omc,2
sln,2
lnl,2
lrc,2
mf ,2
s-z,2
yo-,2
njc,2
xc ,2
bâ ,2
ap-,2
izd,2
lyg,2
sld,2
xcx,2
xlx,2
gmz,2
icf,2
pzl,2
zlp,2
lhl,2
ihn,2
wsa,2
ezv,2
zvo,2
 qc,2
bzb,2
zv ,2
doa,2
ck-,2
afd,2
vua,2
nnm,2
.ve,2
dzn,2
zns,2
ee.,2
e.g,2
.gt,2
 hv,2
vlp,2
éeb,2
jvr,2
xiu,2
zyl,2
suv,2
ksn,2
du.,2
 iw,2
fne,2
emf,2
mfk,2
fk ,2
bdp,2
xyh,2
t.m,2
shc,2
fiu,2
ayj,2
pdo,2
ovf,2
léf,2
t.a,2
ctd,2
l z,2
rhn,2
hnz,2
gyn,2
ewo,2
hva,2
bny,2
nxp,2
l è,2
ejl,2
ilz,2
gxs,2
sck,2
téj,2
ftd,2
f z,2
tya,2
kua,2
n-z,2
dbo,2
rrf,2
muz,2
bss,2
èsi,2
 vm,2
uzt,2
zte,2
rbs,2
axh,2
aax,2
géc,2
x x,2
rhy,2
vsm,2
mvn,2
uuy,2
yeg,2
ajf,2
cgo,2
ywi,2
dyt,2
pé.,2
 uz,2
epn,2
ç b,2
tfs,2
ubh,2
lct,2
blt,2
rsf,2
fsu,2
héd,2
ixn,2
paz,2
dey,2
byt,2
lyj,2
 .d,2
prb,2
béi,2
juq,2
l.l,2
 hr,2
tfi,2
lwt,2
cyb,2
kgr,2
gid,2
évê,2
vêq,2
êqu,2
 dô,2
dôm,2
ekb,2
kp ,2
pwo,2
wop,2
eot,2
nkg,2
kgl,2
phu,2
lyx,2
nhm,2
rêc,2
a-j,2
o ê,2
zsi,2
myi,2
ckk,2
-at,2
agb,2
xmi,2
bhi,2
svg,2
vgi,2
mpè,2
mss,2
 rf,2
uyg,2
dh.,2
înè,2
çu.,2
éap,2
lsu,2
lzz,2
 -s,2
olh,2
vae,2
bld,2
yk ,2
cej,2
oov,2
 tz,2
bâc,2
cbs,2
scq,2
zmi,2
ldé,2
-t ,2
jga,2
rnc,2
yck,2
o-f,2
mlr,2
s-é,2
mvh,2
môm,2
toe,2
zoz,2
qao,2
x-t,2
eeh,2
sff,2
ffn,2
pug,2
lsg,2
p-a,2
oès,2
u.s,2
lry,2
ryv,2
gnt,2
psw,2
sgp,2
reà,2
rrs,2
ehp,2
aït,2
ïti,2
pyl,2
sjy,2
jyl,2
yum,2
n.h,2
.hi,2
ypu,2
fef,2
pzr,2
owp,2
wp ,2
 -u,2
cgr,2
mfg,2
egb,2
tfe,2
-ic,2
ciz,2
yox,2
û g,2
nxe,2
qat,2
xso,2
zad,2
w g,2
yng,2
é w,2
ckj,2
kj ,2
pty,2
kwe,2
tyf,2
nrp,2
efz,2
vvo,2
ugy,2
édy,2
xid,2
ya-,2
a-f,2
gvi,2
o.l,2
; q,2
a î,2
îls,2
uix,2
vub,2
tsy,2
r-y,2
t. ,2
nbf,2
hhe,2
iml,2
lnt,2
gtm,2
sx ,2
pdp,2
exx,2
.pe,2
r. ,2
m-h,2
sns,2
rkg,2
oeb,2
yef,2
-pq,2
çab,2
.tt,2
u.f,2
ozm,2
zm ,2
tyu,2
béa,2
r.d,2
kme,2
fmo,2
lcl,2
lcs,2
ivt,2
egp,2
ikz,2
ez.,2
djd,2
ïa ,2
gki,2
pmt,2
m.i,2
.i.,2
r-o,2
-oi,2
jom,2
axl,2
 kj,2
moî,2
î l,2
vlt,2
eht,2
azs,2
xst,2
lgz,2
zii,2
ûrs,2
fbr,2
r.p,2
xyd,2
kki,2
umy,2
snd,2
bié,2
zyf,2
ptq,2
c.i,2
ugd,2
gdu,2
dni,2
yj ,2
ée-,2
uxv,2
fck,2
xki,2
fzi,2
aeu,2
tzh,2
uys,2
mlp,2
jlt,2
yjn,2
ahy,2
hyu,2
..h,2
.ho,2
.ht,2
efm,2
.c.,2
.fa,2
r.q,2
eiv,2
clp,2
bbl,2
-wa,2
clr,2
sng,2
yny,2
afb,2
.or,2
olz,2
p-p,2
slj,2
ozu,2
zul,2
iow,2
fke,2
mce,2
nôm,2
dxl,2
xls,2
chx,2
àll,2
trv,2
ehk,2
vèn,2
qut,2
hh.,2
ilg,2
ibh,2
sfu,2
ebx,2
rtw,2
huv,2
lhn,2
ydv,2
sdh,2
srl,2
qlf,2
opm,2
 pj,2
hmo,2
izn,2
pib,2
sjc,2
hdm,2
-ki,2
 jk,2
nbx,2
eeo,2
rcn,2
i-l,2
uxt,2
hyt,2
dcc,2
hge,2
jiz,2
dpi,2
jcb,2
xlo,2
xck,2
pmi,2
dmg,2
ltc,2
uht,2
 sà,2
 nz,2
vj ,2
nvu,2
tgu,2
kns,2
azc,2
zc ,2
ytw,2
oek,2
myc,2
lrb,2
héa,2
tt-,2
 mü,2
mün,2
ünc,2
trj,2
rjs,2
rrh,2
ppp,2
otd,2
xef,2
dsk,2
pkf,2
qo ,2
sm-,2
m-r,2
yog,2
kév,2
mnr,2
lmk,2
fno,2
tôu,2
ôut,2
cyj,2
szn,2
viz,2
-fa,2
txr,2
xrv,2
crp,2
lnd,2
ftp,2
bnl,2
o.c,2
auo,2
mrh,2
gyr,2
toj,2
kne,2
nrc,2
zec,2
pca,2
dls,2
wae,2
dln,2
r-a,2
utv,2
ylp,2
téq,2
dtu,2
xm ,2
méf,2
kub,2
cpu,2
yos,2
xt ,2
-a-,2
sa.,2
à-d,2
 wk,2
ayh,2
zlo,2
irz,2
tyk,2
yky,2
yub,2
qle,2
tzc,2
ewu,2
aky,2
dbd,2
bds,2
dsf,2
éot,2
svd,2
ucé,2
tms,2
lqe,2
qes,2
.y ,2
fvt,2
 qr,2
jhi,2
zaw,2
bvl,2
bwu,2
 zl,2
hpu,2
.ab,2
nlg,2
ppn,2
dé-,2
é-s,2
so-,2
bov,2
poy,2
aog,2
faw,2
pth,2
snr,2
bnd,2
zba,2
s.g,2
goe,2
kkr,2
cql,2
hsc,2
vmo,2
nyh,2
rzu,2
htn,2
an.,2
g..,2
coz,2
lyw,2
lvd,2
yuj,2
tsp,2
prk,2
lmp,2
sèt,2
.te,2
osè,2
hxt,2
fpr,2
..-,2
nkb,2
mît,2
muj,2
-wo,2
oaw,2
-pu,2
ofp,2
lgc,2
krw,2
yui,2
àl ,2
p.t,2
qts,2
ukk,2
pka,2
dnk,2
enâ,2
slp,2
.ji,2
xée,2
ç a,2
vds,2
-er,2
dwu,2
wul,2
l.e,2
vaq,2
zhf,2
eu-,2
u-l,2
bmo,2
xro,2
cu.,2
wls,2
p.e,2
grt,2
 kv,2
sèc,2
sxf,2
cth,2
edz,2
rgm,2
jha,2
trb,2
uav,2
tlt,2
éss,2
sbn,2
buj,2
oïc,2
ïc ,2
.va,2
oau,2
orè,2
yfu,2
ttj,2
mge,2
ri.,2
wlf,2
lfg,2
aec,2
 rk,2
és-,2
toh,2
lmz,2
tnu,2
ggh,2
écy,2
xba,2
zka,2
frh,2
hiu,2
fjf,2
jdh,2
fkf,2
iiq,2
â d,2
ghx,2
cps,2
 zw,2
iey,2
ekk,2
.pl,2
luq,2
txb,2
xbd,2
fût,2
umc,2
itv,2
alz,2
mi.,2
nà ,2
umh,2
knl,2
qgt,2
gtf,2
dza,2
enx,2
x-d,2
û l,2
cjo,2
uéé,2
fyl,2
gtz,2
oew,2
ulz,2
ikf,2
ys-,2
bbs,2
ï v,2
syk,2
oak,2
mbn,2
xe.,2
ncc,2
exé,2
w r,2
jsl,2
.im,2
kti,2
i-z,2
jcp,2
pvs,2
jpu,2
b z,2
é- ,2
q !,2
zao,2
k-s,2
nkt,2
hwi,2
dkb,2
bct,2
oip,2
 cz,2
czw,2
asz,2
 r-,2
zuf,2
ioh,2
.eu,2
ujr,2
uyj,2
quu,2
xev,2
snk,2
oyu,2
 xo,2
svy,2
xsa,2
kék,2
éké,2
ctt,2
 j-,2
poh,2
olq,2
nré,2
mnc,2
zèb,2
n.g,2
-im,2
ésn,2
wnm,2
epf,2
lln,2
gvb,2
vbo,2
bw ,2
 lj,2
ihe,2
rck,2
maë,2
a-d,2
jvé,2
o-p,2
gug,2
lsv,2
ylf,2
izk,2
dfg,2
mkf,2
kfb,2
xos,2
ic.,2
osv,2
vax,2
tln,2
w w,2
sjs,2
akf,2
kfi,2
rmê,2
éad,2
vya,2
tux,2
phw,2
ioi,2
hhu,2
 pû,2
xml,2
rmy,2
wca,2
ixp,2
zso,2
azr,2
uxr,2
rât,2
by-,2
y-f,2
jfc,2
cft,2
flt,2
èrd,2
chf,2
w u,2
e-o,2
khl,2
idp,2
jlb,2
ofy,2
twt,2
pdf,2
pah,2
qel,2
lyh,2
sfn,2
pkm,2
psu,2
r-v,2
 ek,2
gzk,2
fbi,2
 vh,2
vur,2
cfé,2
fép,2
hép,2
xdd,2
d.q,2
tsw,2
tzm,2
grg,2
blj,2
z-d,2
èr ,2
woh,2
é-d,2
iqk,2
qkh,2
kda,2
dph,2
ças,2
ohd,2
o-l,2
kht,2
bya,2
php,2
y-n,2
vbr,2
evt,2
fty,2
jbg,2
scc,2
jao,2
fca,2
apf,2
ekj,2
nôt,2
plp,2
ofm,2
 àu,2
xat,2
hlt,2
bcn,2
ckf,2
.o.,2
tît,2
pej,2
niz,2
xi-,2
cwi,2
pfd,2
irw,2
rwi,2
aïv,2
ïve,2
é-f,2
féc,2
do-,2
 .k,2
.km,2
kuc,2
hly,2
jfe,2
gya,2
sbx,2
g-c,2
tvg,2
vg ,2
êva,2
.sc,2
csm,2
ruf,2
-tc,2
mhe,2
tlé,2
lvs,2
khr,2
vyb,2
usx,2
êto,2
.lo,2
hrn,2
hrp,2
pgc,2
xua,2
tcf,2
clf,2
gtt,2
esz,2
 ck,2
s.-,2
uaw,2
fft,2
tlj,2
a.à,2
mnj,2
nyg,2
leï,2
eïl,2
rye,2
dhy,2
ckc,2
kca,2
rpu,2
tiu,2
ebt,2
mwy,2
wyl,2
zos,2
sgl,2
- ?,2
mbb,2
raï,2
jsk,2
hyo,2
éea,2
zl ,2
xir,2
aïb,2
vnc,2
rnk,2
.u.,2
 -i,2
rnn,2
 à.,2
à. ,2
éep,2
ivn,2
aao,2
mtq,2
axé,2
pcr,2
tzz,2
aqs,2
uy-,2
lkf,2
ysp,2
crn,2
nhr,2
hrr,2
lks,2
nox,2
.pf,2
yvo,2
làc,2
àch,2
l-m,2
kiv,2
gpo,2
k é,2
fmr,2
mrm,2
ibf,2
opè,2
 iè,2
hco,2
t-t,2
nwh,2
exg,2
èra,2
sgt,2
akd,2
nrd,2
hnn,2
nzu,2
hff,2
xjn,2
.py,2
nnj,2
juk,2
trh,2
aïf,2
hxh,2
-up,2
lgh,2
 ix,2
osà,2
vrs,2
kdk,2
kd ,2
mzr,2
dew,2
srn,2
v é,2
.se,2
r.t,2
kbr,2
vlz,2
èèè,2
wui,2
uky,2
nnw,2
jxn,2
j ?,2
hyv,2
oih,2
zw ,2
e-à,2
jdm,2
sdl,2
irh,2
omh,2
abh,2
 vx,2
cey,2
eej,2
wr ,2
 f.,2
t-u,2
ocp,2
fcm,2
vv ,2
epd,2
zme,2
drt,2
xrd,2
l-g,2
ôta,2
znd,2
txm,2
cdd,2
egh,2
mfc,2
rpz,2
 fg,2
fgv,2
alj,2
okp,2
djà,2
ryx,2
jif,2
ci-,2
fko,2
evy,2
elâ,2
 bà,2
bàv,2
p.-,2
-d.,2
t.t,2
ylr,2
wni,2
cuf,2
xox,2
-ag,2
mxn,2
r-d,2
éha,2
kpm,2
pmg,2
itô,2
tcc,2
lnc,2
mkr,2
faï,2
mzi,2
érè,2
ugè,2
vrn,2
mko,2
gco,2
vov,2
bhm,2
yoz,2
fcq,2
evf,2
zzz,2
eie,2
çag,2
mts,2
pki,2
lro,2
otf,2
rqa,2
iim,2
ma.,2