bus,25884
pas,20481
sncf,7716
ça,6672
gérer,6078
plus,5907
métro,5641
h,5575
ne,4484
faire,4281
quand,4233
récupérer,4133
tout,4100
si,4069
ils,3512
rer,3508
n,3441
train,3348
bien,2784
prendre,2589
trop,2478
vais,2466
gens,2400
faut,2237
être,2180
mdr,2165
aller,2137
espérer,2134
retard,1923
rt,1909
temps,1884
bon,1883
après,1831
avoir,1782
alors,1778
là,1768
donc,1700
non,1696
tous,1621
fois,1619
paris,1618
dit,1607
merci,1530
peut,1528
encore,1518
france,1517
rien,1505
matin,1463
voir,1455
gare,1452
arrêt,1444
min,1439
chez,1425
comment,1407
juste,1396
ligne,1379
sans,1362
mec,1347
déjà,1340
quoi,1326
heure,1325
monde,1324
vie,1323
aussi,1296
demain,1288
o,1285
ratp,1269
vu,1255
gars,1232
cette,1226
sais,1225
libérer,1192
arrive,1186
coup,1185
dire,1173
peu,1170
ca,1167
avant,1166
parce,1140
fais,1132
passe,1128
ya,1128
peux,1121
place,1100
oui,1070
jour,1054
chauffeur,1051
grève,1046
toujours,1043
mal,1032
pr,1016
meuf,1004
entre,1000
jamais,993
merde,975
soir,949
côté,936
considérer,934
genre,923
ans,911
minutes,907
autre,901
vraiment,885
moins,877
trains,876
viens,869
envie,865
deux,861
prend,861
contre,859
carte,848
depuis,840
euro,837
mettre,836
devant,833
ds,832
préférer,829
putain,829
vois,826
passer,823
veux,820
cause,813
jusqu,809
toute,802
pris,799
galérer,798
personne,794
ptn,785
dis,775
dois,765
bonjour,763
car,748
moment,738
mdrr,738
pourquoi,729
journée,725
mieux,724
vont,720
veut,716
vient,715
trafic,707
jours,702
jsuis,696
ah,694
match,690
tellement,684
très,679
partir,675
opérer,674
rentrer,672
cours,672
;,650
pense,648
qd,645
puis,641
crois,632
doit,630
gros,627
bah,624
seul,613
pendant,611
tgv,607
voiture,607
truc,602
mère,599
fin,595
nuit,595
bonne,592
attendre,588
vrai,586
hier,585
vers,583
compte,582
grave,574
font,573
g,570
mort,570
prends,569
tt,567
aime,565
part,555
sinon,550
parle,548
cas,545
contrôleur,544
navigo,544
retour,544
demande,542
autres,541
mois,536
accélérer,535
reste,533
ville,531
sous,531
petit,530
tête,529
maintenant,524
ptdr,523
semaine,522
sens,520
arriver,518
aujourd,514
lieu,514
leurs,511
hui,510
équipe,509
pouvoir,505
pcq,504
chaque,501
trajet,500
ceux,499
repérer,487
besoin,479
pire,479
b,478
problème,474
toutes,473
espère,472
vs,470
direction,462
bac,461
allez,460
seule,459
pays,450
possible,443
commence,442
grand,442
chaud,442
savoir,440
chose,439
travail,438
départ,434
vas,433
fille,424
e,423
billet,423
suite,420
met,419
lyon,418
route,417
face,417
fond,417
mis,415
ok,415
passé,413
surtout,410
digérer,408
quel,408
français,407
gueule,405
mn,401
lycée,400
horaires,399
sortir,399
normal,394
payer,394
année,393
vite,393
heures,393
service,393
droit,391
plein,390
arrête,389
parler,388
celui,381
quelqu,380
ouais,376
peur,376
finale,374
fou,373
tram,373
avance,372
super,370
panne,366
regarder,366
venir,364
ici,362
beau,362
vacances,362
pu,361
cet,361
transférer,361
pied,360
musique,358
sait,356
ticket,356
meme,355
bleus,353
arrêter,353
station,351
regarde,350
trouve,350
enfin,349
rail,349
porte,347
dès,347
svp,343
prix,342
marche,341
pote,339
go,337
site,336
flemme,336
beaucoup,334
dernière,334
personnes,333
ni,332
rerb,332
mecs,331
lignes,331
victoire,331
sauf,330
trouver,329
devoir,329
assez,328
marre,328
dernier,327
point,324
frapor,324
dormir,318
autant,317
grosse,317
quai,315
vieux,313
ter,313
attend,311
hein,311
dimanche,310
cool,309
jvais,309
fdp,307
monter,307
raison,306
reraratp,305
jouer,305
père,305
meufs,304
petite,304
argent,304
chance,304
choses,304
voit,303
tramway,299
lol,297
laisser,296
donne,296
tour,296
elles,294
laisse,292
photo,292
sortie,292
lundi,291
travaux,290
fort,290
con,289
perdu,288
femme,288
twitter,287
question,286
st,286
loin,285
essayer,284
tolérer,284
mm,284
jeu,283
rater,283
conducteur,282
permis,282
direct,280
attends,280
moyen,278
chercher,278
rue,276
adhérer,276
voyage,275
exagérer,275
plutôt,274
bout,274
nouveau,274
oh,273
rercsncf,272
derrière,272
gagner,272
nouvelle,272
jme,272
tel,272
dur,270
donner,269
annonce,268
cela,268
rentre,267
veulent,266
début,264
vidéo,264
histoire,263
oublié,262
parti,262
foot,262
x,262
quelle,261
partie,260
nan,258
peine,257
er,257
aucun,257
première,257
sac,256
niveau,256
bordel,256
heureusement,256
marseille,256
jai,255
courir,254
premier,253
transports,252
pute,252
changer,252
soirée,251
air,251
voie,251
aucune,251
taper,250
bande,250
billets,250
classe,249
bas,249
chauffeurs,248
façon,247
europe,246
ensemble,245
nord,245
enfants,244
fini,244
demander,243
bjr,243
homme,243
réseau,243
rire,242
belle,241
dessus,241
final,240
rendre,240
accord,240
faites,240
ouf,239
tant,239
arrivé,239
interrompu,239
tôt,238
wsh,238
couilles,238
apres,238
chier,238
long,237
frère,236
problèmes,236
deja,236
info,235
places,235
stations,235
connais,234
mode,233
accident,233
bloqué,232
honte,232
est-ce,232
maison,231
main,230
portugal,229
vendredi,229
tard,229
près,228
voilà,227
yeux,227
tomber,227
pouvez,226
téléphone,225
vue,225
trucs,225
p,224
rentrée,223
rester,223
prochain,223
acheter,222
bravo,222
lever,221
cul,221
adore,219
idée,219
galèrer,218
perdre,218
impression,218
dirait,217
ps,217
voulais,217
nom,217
sort,217
cest,216
clim,216
générer,215
rennes,215
grèves,215
transport,214
wifi,213
descendre,213
arret,213
arrêts,212
partout,210
galère,210
pieds,210
réussi,210
joueurs,209
fils,209
eh,209
samedi,208
marcher,208
boulot,208
cher,208
finir,207
potes,206
facile,205
désespérer,205
arrivée,205
rerdsncf,205
pass,204
dû,204
qml,204
prêt,204
sécurité,204
louper,204
certains,203
ptdrr,203
xd,203
état,203
insérer,202
force,202
manque,202
sûr,202
manger,201
bcp,201
seulement,201
aider,200
feu,200
blague,200
photos,199
écouteurs,199
sert,199
filles,197
grouperatp,197
eau,196
raté,196
famille,196
colis,196
stade,196
euros,195
quelques,195
meilleur,195
police,195
jv,194
but,194
base,194
impossible,194
fraall,194
retrouver,194
bientôt,194
mettent,194
monte,194
juillet,193
devrait,193
femmes,192
incident,192
peuvent,192
infos,192
prennent,191
projet,191
essaye,190
appelle,189
mtn,188
casse,187
obligé,187
gauche,187
permet,186
an,186
joue,186
jeune,186
prévu,185
sympa,184
rera,184
compris,184
savent,184
top,183
loi,183
--,182
contrôleurs,182
parents,182
voix,182
tape,182
lille,181
dieu,181
soleil,181
école,180
sport,180
prochaine,180
portes,179
sérieux,179
grande,179
tjrs,178
dedans,178
jeudi,177
ben,177
couple,177
h.,176
milieu,176
voies,176
combien,175
rame,175
voyageur,175
ensuite,175
voulait,174
i,174
tweet,174
retards,173
pb,173
grâce,173
centre,173
faisait,173
etait,173
attente,173
etc,172
celle,172
simple,171
avion,171
circulation,170
quelque,170
penser,169
pue,169
croire,169
etre,169
sent,168
cgt,168
comprends,167
situation,167
campagne,167
franchement,166
prof,166
midi,166
mere,166
fac,166
terre,166
pourrait,166
choix,165
pq,165
parisien,165
faute,165
capable,164
ballon,164
semaines,164
sors,163
ose,163
message,163
cru,163
bord,163
type,163
voyageurs,161
vélo,161
foutre,161
voulu,161
paye,161
limite,161
faite,161
supporters,161
lire,160
morte,160
entrain,160
lit,160
faudrait,160
assise,159
bizarre,158
légiférer,158
haut,158
rdv,158
mourir,158
ex,157
arrêté,157
toulouse,157
suggérer,157
passage,157
vouloir,157
tombe,156
dame,156
importe,156
petits,156
ème,156
difficile,156
londres,156
devais,155
passent,155
cheveux,155
comprendre,154
lève,154
droite,154
loupé,154
allais,154
numéro,154
groupe,153
afin,152
demandé,152
saison,152
reprise,152
courage,151
soeur,151
mardi,151
mauvais,150
supprimé,150
pdt,150
bonsoir,150
presque,150
préfère,149
club,149
bref,149
r,149
sorti,149
change,149
debout,149
continue,149
sud,149
ct,148
code,148
chemin,148
viennent,147
nombre,147
pression,147
portugais,147
réponse,146
agents,146
dehors,145
usagers,145
nez,145
aide,145
gares,145
coopérer,145
roule,145
jsp,144
attendant,144
oublier,143
souvent,143
pleurer,143
avis,143
falloir,142
devait,142
habitude,142
intérêt,142
plusieurs,142
ailleurs,142
plaisir,142
politique,141
plan,141
ns,141
longtemps,141
assis,141
bc,141
fasse,140
poste,140
risque,140
rate,140
région,140
disent,140
pro,140
froid,140
nouvelles,140
essaie,140
doivent,139
jss,139
dents,139
respect,139
allemagne,139
blanc,138
hâte,138
mat,138
appli,138
écoute,138
ligneratp,138
cons,138
allait,138
chiant,138
mercredi,137
pub,137
jeunes,137
apprendre,137
venu,137
terminus,137
écouter,137
coupe,137
voulez,136
cherche,136
dont,135
vide,135
stop,135
anglais,134
courant,134
savez,134
fête,134
drôle,134
dites,134
metro,134
bras,134
chaleur,133
lignejsncf,133
mise,133
euh,132
gt,132
salle,132
week-end,132
pauvre,132
pleins,131
rouge,131
stress,131
prévoir,131
peut-être,131
compliqué,130
imagine,130
internet,130
commencer,130
selon,130
odeur,130
trois,129
trouvé,129
comprend,129
passagers,129
chien,128
terminé,128
prise,128
km,128
mets,128
écrit,128
reprendre,127
pareil,127
persévérer,127
vpecresse,127
reresncf,127
dos,127
bordeaux,127
faudra,127
habite,126
revenir,125
soucis,125
film,125
rouen,125
zone,125
nn,125
puent,125
confiance,125
pointe,124
retrouve,124
nice,124
suivre,124
entreprise,124
fan,124
propose,124
gestion,124
noir,124
ouvrir,124
éviter,123
résultats,123
gagne,123
concert,123
mot,123
corps,123
puisse,123
pourrais,123
parlent,122
pourtant,122
monsieur,122
malaise,122
coeur,122
fra,122
perso,121
croiser,121
taxi,121
amis,121
génial,120
tiens,120
enfant,120
dommage,120
juin,120
contrôle,120
donné,119
triste,119
nantes,119
finalement,119
bfmtv,119
arrêtez,119
millions,119
gouvernement,119
hollande,119
sommeil,119
continuer,119
ère,119
vivre,118
jcrois,118
peuple,118
envoyer,118
malgré,118
taff,117
wagon,117
coté,117
rend,117
jui,117
aérer,117
public,117
matins,116
réitérer,116
défense,116
mai,116
failli,116
youtube,116
crise,116
infotrafic,115
fermer,115
dm,115
scolaire,115
propre,115
fanzone,115
moitié,114
valise,114
société,114
vive,114
fallait,114
offre,114
important,114
normalement,114
actuellement,114
tuer,113
cc,113
vieille,113
tickets,113
fenêtre,113
nul,112
jviens,112
rêve,112
demi,112
changement,112
créer,112
saint,112
tranquille,112
arrivent,111
rapport,111
voitures,111
système,111
cm,111
pk,111
ss,111
stif,111
gosses,111
hyper,110
su,110
aille,110
croise,110
pars,110
sujet,110
v,109
bosser,109
pokémon,109
rappelle,109
existe,109
travailler,109
erreur,108
lignelsncf,108
amour,108
années,108
regard,108
autour,108
seum,108
haine,108
chelou,108
instant,107
calme,107
pck,107
énorme,106
pensais,106
jdois,106
fonctionne,106
clients,106
stp,106
oublie,106
fera,105
pensez,105
doute,105
guerre,105
préparer,105
sachant,105
pleine,105
aéroport,105
avc,105
dossier,105
avril,105
envoie,105
rentré,104
attention,104
psg,104
pouvais,104
pluie,104
référer,104
sale,104
siège,103
affaires,103
solution,103
mauvaise,103
manière,103
commencé,103
bons,102
article,102
gênant,102
vaut,102
emploi,102
nouveaux,102
casser,102
eme,101
exemple,101
image,101
om,101
chat,101
croisé,101
lors,101
eurofinal,101
tente,100
marché,100
joueur,100
grv,100
mddr,100
transilien,100
fr,100
tombé,100
malade,100
rails,99
allemands,99
hommes,99
pouvait,99
bébé,99
gratuit,99
ouibus,98
ajd,98
moyens,98
morts,98
meilleure,98
iphone,98
regardé,98
bondé,98
portable,98
libre,98
retourner,98
parlé,98
plage,98
vitre,98
réveil,97
minute,97
stage,97
semble,97
mouvement,97
points,97
disant,96
wesh,96
pourra,96
incapable,96
effet,96
ms,96
empêche,95
maillot,95
court,95
agit,95
jvois,95
ferme,95
croit,95
payé,95
mange,95
expliquer,95
ralenti,95
suffit,95
prenez,95
pokemon,95
tjr,94
poser,94
parfois,94
venez,94
pont,94
parcours,94
lignepsncf,94
f,94
minimum,94
hôtel,94
fédérer,93
livre,93
futur,93
décidé,93
client,93
amende,93
couru,93
haha,93
entendu,93
joie,93
suspect,93
vendre,93
blindé,93
recherche,93
snap,93
aimerais,92
laissé,92
prête,92
lt,92
nation,92
chambre,92
résultat,92
président,91
réveiller,91
rouler,91
vivement,91
revoir,91
gagné,91
rejoindre,91
devenir,91
bouger,90
or,90
sourire,90
jure,90
champion,90
liberté,90
japan,90
garder,90
the,90
coucou,90
clientsratp,90
ouvert,90
données,89
prenne,89
refuse,89
idées,89
expo,89
endroit,89
abonnement,89
ko,89
contente,88
salut,88
foutu,88
perturbé,88
archi,88
maths,88
destination,88
défaite,88
balle,88
sûre,88
appel,88
loupe,88
déblatérer,88
lien,88
bouche,87
attendu,87
essayé,87
devient,87
facebook,87
réussir,87
entendre,87
hors,87
tqt,86
questions,86
cergy,86
signe,86
signalisation,86
chef,86
gentil,86
chanson,86
agent,86
ci,86
barre,86
août,85
justement,85
copain,85
asseoir,85
coter,85
clairement,85
descend,85
https,85
hasard,85
finis,85
déteste,85
deuxième,85
annulé,85
tenir,84
avoue,84
équipes,84
faux,84
correspondance,84
oklm,84
ptit,84
tete,84
horrible,83
remboursement,83
république,83
absolument,83
bouge,83
petites,83
bleu,83
pa,83
vente,83
frais,83
forcément,83
pc,83
etat,83
bonheur,82
doigts,82
conducteurs,82
val,82
dégénérer,82
cur,82
titre,82
hey,82
perd,81
connard,81
prison,81
cheminots,81
prit,81
mail,81
matchs,81
pose,81
copine,81
vraie,81
tps,81
application,81
migrants,81
qualité,80
parc,80
septembre,80
esprit,80
justice,80
entends,80
mêmes,80
ambiance,80
compter,80
espace,80
rerc,80
entrée,80
notes,79
content,79
enfer,79
ahah,79
supporter,79
conne,79
accès,79
trou,79
chanter,79
champions,79
champs,79
reprend,79
répondre,79
uber,78
putes,78
allé,78
sang,78
seconde,78
rapide,78
obliger,78
maman,78
aimer,78
ouvre,78
sortant,78
modérer,78
vitesse,78
réalité,78
bg,78
envers,78
urgence,78
renoi,78
remettre,78
voici,77
porfra,77
bruxelles,77
russie,77
reçu,77
exploit,77
changé,77
attendais,77
ts,77
bruit,77
horaire,77
fermé,76
coups,76
alerte,76
rémunérer,76
psq,76
carrément,76
radio,76
télé,76
collège,76
pile,76
niquer,76
suivant,76
vérité,76
pratique,76
double,75
etais,75
mairie,75
tte,75
explique,75
sms,75
savais,75
sérieusement,75
fn,75
quitter,75
impériale,75
conduire,75
commun,75
ue,75
presse,75
jusque,75
trajets,75
mars,74
vrais,74
garde,74
montrer,74
lourd,74
rentrant,74
edf,74
terrain,74
pis,74
ami,74
tue,74
bouchons,74
pleut,74
marque,74
jpp,74
brexit,74
vidéos,74
omg,74
humeur,74
propos,74
acheté,74
video,74
concurrence,73
retourne,73
grands,73
série,73
ramener,73
ainsi,73
sûrement,73
jeter,73
sosie,73
taf,72
montparnasse,72
appeler,72
personnel,72
bouffe,72
souhaite,72
supprimer,72
porter,72
date,72
moche,72
race,72
papier,72
conneries,72
coin,71
quête,71
annoncé,71
endormir,71
tweets,71
conditions,71
grosses,71
prévenir,71
rigole,71
vis,71
incendie,71
sièges,71
com,71
période,71
cour,71
mr,70
course,70
conseil,70
max,70
mdrrr,70
mains,70
mit,70
amie,70
café,70
permettre,70
tkt,70
news,70
pokemongo,70
désolé,70
laissez,70
manif,70
village,70
sagesse,70
lendemain,69
gosse,69
suicide,69
jambes,69
complètement,69
pleure,69
jo,69
jul,69
ki,69
yavait,69
allée,69
autoroute,69
live,69
metz,69
menace,69
attendent,69
itinéraire,69
vert,69
époque,69
crier,69
heureux,68
concours,68
annehidalgo,68
orange,68
in,68
tours,68
faim,68
impérial,68
utiliser,68
milliards,68
mots,68
nique,68
peut-on,67
perturbations,67
appart,67
italie,67
totalement,67
fous,67
batterie,67
jsais,67
occasion,67
islam,67
comptes,67
note,67
châtelet,66
jeux,66
doigt,66
valls,66
dure,66
guichet,66
ordre,66
rames,66
formation,66
arrêtent,66
circule,66
vienne,66
noirs,66
fonction,66
chacun,66
dc,66
connaître,66
bisous,66
loitravail,66
réseaux,66
lequel,66
insulter,66
proche,66
qq,66
officiel,66
fraude,65
douche,65
logique,65
voyages,65
rappel,65
gère,65
ressemble,65
fatigue,65
profiter,65
devrais,65
chui,65
occuper,65
mini,65
invite,65
pause,65
itele,65
voyager,65
papa,65
coincé,65
contrat,65
balles,65
faisant,65
travers,65
augmenter,65
connaît,65
flm,65
dingue,65
magnifique,65
bar,65
avenir,64
nombreux,64
strasbourg,64
jpense,64
macron,64
quais,64
bloquer,64
bloque,64
camion,64
raconte,63
voudrais,63
écran,63
drapeau,63
queue,63
q,63
visage,63
tjs,63
lu,63
solo,63
ministre,63
affiche,63
dla,63
visite,63
wtf,63
degrés,63
fans,63
actu,63
fout,63
fb,63
excuse,63
adresse,63
sec,63
lecture,63
recevoir,63
alcool,63
essence,63
rues,63
jean,62
attaque,62
derniers,62
passée,62
foi,62
poids,62
vrmt,62
censé,62
est-il,62
page,62
âge,62
forme,62
mien,62
programme,62
politiques,62
frere,62
travaille,62
montpellier,62
droits,62
blanche,62
rembourser,62
askip,62
dormi,62
fixe,62
tenter,62
montre,61
psk,61
charge,61
environ,61
juvisy,61
rythme,61
technique,61
appelé,61
débat,61
santé,61
banlieue,61
oral,61
rerd,61
voila,61
enlever,61
compagnie,61
exprès,61
services,61
touche,61
anniversaire,61
cassé,61
greve,61
jlui,61
réduction,61
boutique,61
croyez,61
secondes,60
soirs,60
cb,60
choper,60
lance,60
bosse,60
week,60
verra,60
allah,60
forte,60
longue,60
obligée,60
bouton,60
respecter,60
chaussures,60
lunettes,60
parfait,60
budget,60
fermeture,60
art,60
allant,60
masse,60
arrives,60
française,60
attentat,60
abord,59
communication,59
joué,59
celles,59
mins,59
souviens,59
gamin,59
oreilles,59
syndicats,59
aprem,59
lignehsncf,59
chinois,59
emmener,59
monté,59
ptdrrr,59
daesh,59
clair,59
poissy,59
qqun,59
plaît,59
cité,59
jolie,58
prises,58
matériel,58
parviendrez-vous,58
appris,58
religion,58
perdue,58
barres,58
revient,58
envoyé,58
sauter,58
lazare,58
certain,58
afrique,58
regardent,58
mignon,58
malheureusement,58
cmt,58
raisons,58
partent,57
rio,57
commande,57
trompé,57
énerve,57
ouverture,57
srx,57
général,57
social,57
information,57
trams,57
ferroviaire,57
charles,57
seuls,57
affichage,57
touristes,57
vote,57
batard,57
toulon,57
ancien,57
chauffage,57
rempli,57
quartier,57
mettez,57
attentats,56
mangé,56
présent,56
incroyable,56
quotidien,56
simplement,56
parisiens,56
we,56
hésite,56
pd,56
lorsque,56
faisais,56
no,56
écrire,56
bonnes,56
rencontre,56
physique,56
insultant,56
jpeux,56
mémoire,56
écrans,56
péter,56
taleur,56
wallah,56
gamins,56
mission,56
couleur,56
décide,56
panique,56
style,56
décision,56
espagne,56
dors,56
arrière,56
entend,56
pensé,55
leparisien,55
dépend,55
abusé,55
hésitez,55
mères,55
profs,55
vomir,55
k,55
évidemment,55
prenais,55
apparemment,55
blessés,55
ramadan,55
interdit,55
dort,55
sentir,55
preuve,55
parlait,55
ouai,55
papiers,55
parole,55
table,55
vol,55
création,55
annonces,55
web,54
organisation,54
nanterre,54
opération,54
venue,54
veille,54
cartes,54
machine,54
fumer,54
vent,54
assoir,54
battre,54
mette,54
exactement,54
intérieur,54
enceinte,54
objectif,54
durant,54
destinationeuro,54
brevet,54
flics,54
stresse,54
réponds,54
descendu,54
pensée,54
team,54
arabe,54
tarif,53
soi,53
sfr,53
ordi,53
jte,53
daron,53
emmène,53
régulier,53
tapé,53
boîte,53
crient,53
mention,53
sprint,53
courses,53
massy,53
abonnés,53
empêcher,53
bois,53
yen,53
maire,53
bloquée,53
putains,53
sdf,53
chatelet,53
boire,53
marqué,53
refaire,53
normale,53
inquiète,53
termine,53
conseils,53
voler,53
meilleurs,53
prospérer,53
couloirs,53
album,53
rendu,53
lâcher,53
hello,52
griezmann,52
dir,52
mesure,52
privé,52
grandes,52
complet,52
u,52
réserver,52
paie,52
distance,52
dispo,52
madame,52
tdf,52
terme,52
ronaldo,52
montée,52
expérience,52
capacité,52
jsui,52
football,52
sorte,52
seine,52
magique,52
city,52
chante,52
attraper,52
equipe,52
scène,51
bol,51
rappeler,51
repartir,51
mérite,51
mer,51
livres,51
putin,51
rêvé,51
répond,51
clope,51
finit,51
contrôler,51
tv,51
trql,51
pousser,51
mariage,51
culture,51
possibilité,51
ac,51
reviens,51
volonté,51
films,51
conduit,51
uefa,51
folie,51
différence,51
banque,51
nouvel,51
devraient,51
jveux,51
entrer,51
ferais,50
principe,50
m.,50
sol,50
apprend,50
nuitdebout,50
remplacement,50
chine,50
pousse,50
express,50
clc,50
prépare,50
fer,50
gaulle,50
parking,50
sociaux,50
étape,50
grévistes,50
odeurs,50
montréal,50
fière,50
villes,50
peau,50
tombée,50
bb,50
cantine,50
bête,50
manifestation,50
vénérer,50
vdm,50
suppression,50
images,49
mamie,49
salaire,49
affaire,49
patron,49
accéder,49
horreur,49
également,49
relou,49
voyez,49
clé,49
folle,49
sentent,49
avantage,49
tf,49
rigoler,49
tourne,49
identité,49
paix,49
réveille,49
larmes,49
bloqués,49
ke,49
espoir,49
total,49
pierre,49
action,49
arrivera,49
parfum,49
clés,49
aimerai,49
crever,49
contact,49
nsm,49
cousin,49
préparé,49
connu,49
algérie,48
facilement,48
giroud,48
traverser,48
bouteille,48
belgique,48
secours,48
taille,48
version,48
changements,48
levée,48
ramène,48
ls,48
posé,48
cerveau,48
utilise,48
attendez,48
quitte,48
exploser,48
bombe,48
bae,48
banc,48
blancs,48
turquie,48
fermée,48
récupèrer,48
découvrir,48
lequipe,48
passait,48
noms,48
austerlitz,47
star,47
voisin,47
ras,47
stibmivb,47
bails,47
robe,47
z,47
énumérer,47
victime,47
prévisions,47
pauvres,47
devenu,47
tendance,47
port,47
certaines,47
humain,47
starbusmetro,47
suivi,47
aise,47
soutien,47
foutent,47
google,47
terroriste,47
vieilles,47
bail,47
ere,47
disait,47
unique,47
musulmans,47
dijon,47
heureuse,47
présence,46
fixer,46
hausse,46
michel,46
métros,46
approche,46
bus..,46
trompe,46
retrouvé,46
réviser,46
reseautan,46
délire,46
uniquement,46
voyant,46
job,46
bière,46
jprend,46
danser,46
espaces,46
contraire,46
parles,46
informations,46
nancy,46
manuelvalls,46
parlais,46
jaune,46
calais,46
pourrai,46
croyais,46
dise,46
levé,46
tres,46
collègue,46
musiques,46
hé,46
incapables,46
so,46
enft,46
pardon,46
gèrer,46
sauver,46
msk,46
marquer,46
chauffeuse,46
accueil,46
études,46
wah,46
oubliez,46
nationale,46
lâche,46
collègues,46
ferait,46
end,46
taxis,45
humour,45
beaux,45
liste,45
tromper,45
japanexpo,45
toit,45
caen,45
véhicules,45
déçu,45
marine,45
lancer,45
passant,45
rêver,45
passes,45
déplacer,45
piscine,45
manquer,45
réel,45
paquet,45
rep,45
jfais,45
qqn,45
colère,45
gow,45
file,45
reconsidérer,45
directement,45
affiches,45
moscou,45
assurer,45
rendez-vous,45
lois,45
frapper,45
occupe,45
voient,45
escaliers,45
entretien,45
bu,45
rattrapage,45
absence,45
après-midi,45
test,44
premiers,44
annoncer,44
toilettes,44
vla,44
ouverte,44
gameinsight,44
nana,44
différents,44
cst,44
rendez,44
pt,44
scandale,44
animaux,44
tl,44
pepy,44
cdg,44
accepter,44
désormais,44
cltvoyagessncf,44
évite,44
tarifs,44
hab,44
hôpital,44
deschamps,44
quasi,44
circuler,44
métier,44
substitution,44
ouah,44
journal,44
responsable,44
boite,44
dette,44
ntm,44
refusé,44
champ,44
lrt,44
enfaite,44
jvous,44
conseille,44
moments,44
tourner,44
peter,44
émotions,44
pique,44
tirer,43
disais,43
prenant,43
manqué,43
magie,43
bled,43
mi-temps,43
remise,43
surprise,43
supprimés,43
ft,43
moyenne,43
sacs,43
tranquillement,43
blog,43
promo,43
pensent,43
plans,43
servir,43
crush,43
moindre,43
partager,43
avérer,43
embrouille,43
souci,43
business,43
désolée,43
rattraper,43
retardé,43
électrique,43
allemand,43
violence,43
usa,43
sexe,43
wow,43
suisse,43
msg,43
fatigué,43
foule,43
marketing,43
talent,43
ceci,43
concept,43
roi,43
victimes,43
.sncf,43
re,43
sarkozy,43
pubs,43
fhollande,43
souvenir,42
amp,42
follow,42
sortent,42
ptddr,42
help,42
idf,42
supprime,42
cadeau,42
rôle,42
espérant,42
primaire,42
minuit,42
racisme,42
connards,42
perte,42
hop,42
combat,42
dépôt,42
réunion,42
mobilité,42
relation,42
restent,42
remercie,42
effort,42
cote,42
pere,42
fraisl,42
développement,42
denis,42
monnaie,42
big,42
croient,42
kmh,42
poche,42
wagons,42
equipedefrance,42
utile,42
connectgares,42
baisse,42
frr,42
actualité,42
chiens,42
aiment,42
vision,42
ira,41
tunnel,41
économie,41
magasin,41
playlist,41
couloir,41
gueuler,41
jouent,41
crs,41
insulte,41
foutage,41
utilisé,41
mur,41
ouest,41
voisins,41
tient,41
danse,41
bureau,41
journalistes,41
nécessaire,41
pète,41
beauté,41
mari,41
découvrez,41
abri,41
ancienne,41
agence,41
conduite,41
couille,41
app,41
spécial,41
rap,41
octobre,40
dsl,40
daronne,40
trottoir,40
rapidement,40
fier,40
meurs,40
descends,40
jms,40
correctement,40
améliorer,40
inverse,40
coûte,40
deg,40
bouffer,40
marrant,40
profite,40
salon,40
agression,40
chu,40
évident,40
parlez,40
iot,40
supporte,40
dirais,40
buts,40
inutile,40
tournée,40
avancer,40
of,40
roulent,40
barcelone,40
choisir,40
certes,40
blc,40
yavais,40
coincée,39
angoisse,39
chômage,39
caisse,39
connaissent,39
rends,39
don,39
wi-fi,39
geste,39
élèves,39
retirer,39
co,39
pourri,39
lumière,39
colle,39
ligue,39
rose,39
entreprises,39
cadre,39
commencent,39
compensation,39
bornes,39
augmentation,39
montent,39
contacter,39
jeunesse,39
repos,39
versailles,39
pogba,39
remonter,39
rdc,39
veste,39
micro,39
messages,39
up,39
ldc,39
amiens,39
rage,39
penses,39
confort,39
hauteur,39
merdes,39
préfèrer,39
jeté,39
grec,38
retraite,38
honteux,38
déposer,38
saint-denis,38
resto,38
texte,38
fuck,38
loire,38
dix,38
evra,38
auber,38
patience,38
laquelle,38
assoit,38
real,38
story,38
gg,38
coût,38
proférer,38
coller,38
sache,38
négociations,38
mp,38
belles,38
pitié,38
médias,38
axe,38
auprès,38
population,38
via,38
couleurs,38
my,38
new,38
proposé,38
poubelle,38
préféré,38
île,38
connait,38
bite,38
fontenay,38
piéton,38
assumer,38
mètres,38
somme,38
mcdo,38
garer,38
ha,38
fric,38
bat,38
collégiens,37
effectivement,37
jle,37
lycee,37
prévue,37
chou,37
ventre,37
positif,37
règle,37
chances,37
bateau,37
origine,37
amoureux,37
épisode,37
juge,37
habiter,37
remet,37
pompiers,37
blessé,37
côtés,37
haute,37
conversation,37
cache,37
quitté,37
kiff,37
fesses,37
circulent,37
succès,37
apprends,37
augmente,37
arabes,37
imaginez,37
bourre,37
défis,37
rêves,37
vitres,37
navette,37
pisse,37
achat,37
sartrouville,37
maximum,37
fil,37
suit,37
tué,37
short,37
fatiguée,37
prendra,37
routes,37
incompétence,37
langue,37
endormie,37
demandent,37
stratégie,37
secteur,37
milliers,37
plaindre,36
histoires,36
incidents,36
publique,36
position,36
frappe,36
termetzlux,36
cr,36
soutenir,36
bercy,36
abris,36
contenu,36
casque,36
intéressant,36
taux,36
philo,36
resultatsbac,36
fenêtres,36
hugolgrnd,36
puisque,36
faible,36
enculer,36
dodo,36
mesures,36
tante,36
scolaires,36
douleur,36
château,36
game,36
coach,36
angleterre,36
moto,36
weekend,36
data,36
transformation,36
partant,36
inscription,36
delaruejc,36
you,36
ponctualité,36
discute,36
manifestants,36
syrie,36
apple,36
assume,36
sissoko,36
commentaires,36
nature,36
ultra,36
gueulent,36
ridicule,36
solidarité,36
réaction,36
pain,36
âme,36
foutez,35
défendre,35
maroc,35
bain,35
honneur,35
écraser,35
pilote,35
commercial,35
dérange,35
pièces,35
partis,35
venait,35
séance,35
dernières,35
repas,35
aimé,35
dépose,35
danger,35
rebeu,35
panneau,35
melun,35
valises,35
cousine,35
marseillais,35
lent,35
bh,35
pls,35
rentrent,35
fallu,35
endormi,35
salariés,35
faillit,35
chelsea,35
coucher,35
jvoulais,35
démocratie,35
gaz,35
lieux,35
ciel,35
tenue,35
toucher,35
chaîne,35
proposer,35
parlant,35
phrase,35
là-bas,35
intervention,35
excellent,35
sérail,35
baisser,35
risques,35
auto,35
insupportable,35
chute,35
poussette,35
indique,35
net,35
bug,35
françois,35
rencontrer,34
visiblement,34
festival,34
borne,34
achète,34
terrible,34
armés,34
civil,34
genou,34
détour,34
régénérer,34
enquête,34
gêne,34
connerie,34
policiers,34
couples,34
etes,34
exonérer,34
chats,34
dns,34
prcq,34
islande,34
cv,34
donnent,34
rébus,34
réveillée,34
acte,34
solutions,34
repris,34
mobile,34
forces,34
digitale,34
démarre,34
lycéens,34
pourras,34
têtes,34
projets,34
francais,34
mi,34
el,34
pp,34
reportage,34
hugo,34
assure,34
balade,34
regardez,34
arrivait,34
coke,34
resté,34
sieste,34
volant,34
sueur,34
amène,34
pizza,34
troisième,34
étudiants,34
financement,34
jprends,34
riche,34
arrete,33
espèce,33
tenté,33
poil,33
niquez,33
raconter,33
sncb,33
ba,33
traiter,33
parte,33
courneuve,33
bourré,33
échange,33
cacher,33
extérieur,33
entier,33
donnez,33
prie,33
att,33
transpiration,33
valeur,33
quasiment,33
garçon,33
hais,33
branche,33
lis,33
neuf,33
lutte,33
fêter,33
por,33
kohlanta,33
noisy,33
vit,33
soule,33
love,33
pff,33
subir,33
av,33
gvt,33
ingérer,33
gamine,33
informatique,33
inondations,33
lefigaro,33
blagues,33
nulle,33
astuce,33
amener,33
choquée,33
arc,33
autrement,33
actions,33
lr,33
salope,33
connaissez,33
alstom,33
montant,33
verre,33
sachez,33
antoine,33
voile,33
association,33
lancé,33
abandonné,32
feuille,32
conscience,32
rouges,32
regardant,32
promis,32
relais,32
explication,32
ile-de-france,32
critique,32
miracle,32
one,32
musulman,32
transpi,32
chantier,32
employés,32
tweeter,32
bfm,32
transfert,32
forêt,32
brûler,32
roissy,32
connexion,32
fiche,32
sociale,32
qlq,32
crises,32
ressources,32
pensant,32
concernant,32
communauté,32
valide,32
nicolassarkozy,32
to,32
defense,32
motif,32
autonomes,32
marne,32
déplacements,32
choqué,32
humanité,32
pétition,32
défaut,32
enculé,32
ol,32
outil,32
volé,32
matière,32
échec,32
irais,32
accompagner,32
cars,32
pervers,32
matinée,32
urgent,32
dormais,32
réveillé,32
intercités,32
lemondefr,32
secret,32
déposé,32
touché,32
irlande,32
différentes,32
jvai,32
jspr,32
jardin,32
majorité,32
incapacité,32
familles,32
organiser,32
interdire,32
élus,32
sites,32
mme,32
certaine,32
franceinfo,32
respecte,32
http,32
bastille,32
boucle,32
jrentre,32
vole,32
lorsqu,32
remarque,31
pages,31
barça,31
sncfvamtuer,31
terminer,31
dirai,31
revenu,31
commerce,31
fierté,31
sentiments,31
objets,31
aller-retour,31
nerfs,31
partiel,31
jlai,31
vincennes,31
dangereux,31
orly,31
jette,31
forcer,31
séries,31
silence,31
reparti,31
remplacer,31
flash,31
noire,31
dan,31
cheval,31
raciste,31
choisi,31
arrivés,31
clip,31
nuits,31
qqch,31
poisson,31
t-il,31
carton,31
cancer,31
arreter,31
tendu,31
flipper,31
tpmp,31
saute,31
coupé,31
retrouvée,31
bienvenue,31
orléans,31
rare,31
nico,31
paroles,31
grenoble,31
agir,31
pécresse,31
potentiel,31
score,31
transpole,31
ar,31
marie,31
pièce,31
serveur,31
découverte,31
plomb,31
tempérer,31
afficher,31
messi,30
prendrais,30
durée,30
léa,30
relevé,30
chère,30
vasy,30
passés,30
situations,30
gay,30
laver,30
quart,30
t-shirt,30
abrutis,30
crève,30
fifa,30
chers,30
éducation,30
demandezaucm,30
lâché,30
wlh,30
accessible,30
emma,30
récupération,30
collé,30
perds,30
dossiers,30
zéro,30
chocolat,30
traitement,30
crie,30
altérer,30
événement,30
conductrice,30
parade,30
arbitre,30
envoyespecial,30
indiqué,30
extension,30
restera,30
cassez,30
irai,30
voter,30
erreurs,30
david,30
arène,30
arrivant,30
allfra,30
souris,30
abus,30
gl,30
difficultés,30
côte,30
émission,30
plutot,30
livret,30
devons,30
servent,30
renois,30
remarquer,30
ducoup,30
totale,30
genoux,30
consulter,30
poisse,30
offrir,30
habiller,30
réussite,30
chatte,30
burkini,30
regardait,30
reconduite,30
techniques,30
étranger,30
partenaire,30
trouvez,30
probleme,30
numérique,30
déplacement,30
imaginer,29
mercato,29
génie,29
frauder,29
initiative,29
bureaux,29
num,29
angers,29
épreuve,29
bonus,29
avenue,29
paul,29
option,29
capitale,29
vélos,29
tentative,29
gratuite,29
ksos,29
man,29
territoire,29
élu,29
prime,29
crue,29
réfléchir,29
miens,29
guillaume,29
sfrsav,29
oe,29
neige,29
dessous,29
ministère,29
pop,29
pourriez,29
manifs,29
paca,29
seules,29
générale,29
délibérer,29
demandes,29
démarrer,29
poussettes,29
effectué,29
réaliser,29
université,29
fanzonetoureiffel,29
nd,29
valider,29
promet,29
us,29
colo,29
faits,29
aimes,29
tit,29
vend,29
crée,29
jt,29
permettent,29
devinez,29
insta,29
talons,29
membres,29
passera,29
impôts,29
poitiers,29
échanger,29
réclamation,29
terroristes,29
lignej,29
créé,29
respirer,29
entière,29
européenne,29
informer,29
rmclive,28
tas,28
stationne,28
thé,28
types,28
participer,28
cesse,28
bof,28
installer,28
écris,28
oeil,28
vérifier,28
dépoussiérer,28
apprenez,28
barbe,28
signaler,28
drogue,28
capables,28
tclsytral,28
planète,28
amande,28
activité,28
semblant,28
racailles,28
régime,28
inadmissible,28
replay,28
balancer,28
traficnormal,28
précédent,28
otage,28
vallée,28
truqué,28
tourisme,28
ferai,28
débile,28
discours,28
reçois,28
blessure,28
ordinateur,28
tube,28
passager,28
nekfeu,28
armée,28
limoges,28
locaux,28
propres,28
fun,28
mnt,28
ttes,28
explosion,28
disney,28
android,28
assuré,28
mans,28
valeurs,28
boule,28
perturbation,28
longs,28
bloquent,28
dd,28
meurt,28
di,28
frères,28
idem,28
attendait,28
souvenirs,28
médecin,28
critiquer,28
animal,28
record,28
prendrai,28
fra.,28
statut,28
particulier,28
exaspérer,28
gratuitement,28
copie,28
sagesses,28
laissent,28
ciné,28
plait,28
traffic,28
lettre,28
innovation,28
hahaha,28
tot,28
joli,28
suppressions,28
armes,28
afp,28
concerne,28
détail,27
telle,27
priorité,27
attaquer,27
baiser,27
spectacle,27
bretigny,27
source,27
présente,27
havre,27
ju,27
diplôme,27
flux,27
rentres,27
pte,27
guide,27
israël,27
drole,27
yes,27
bts,27
régions,27
bilan,27
novembre,27
processus,27
cap,27
disposition,27
excuses,27
cherchez,27
refusent,27
fuite,27
magasins,27
testé,27
trump,27
berlin,27
déchets,27
agréable,27
espagnol,27
engueuler,27
casquette,27
inscrire,27
sélection,27
halles,27
montré,27
étrange,27
journées,27
regulier,27
mentir,27
prêts,27
modèle,27
vendu,27
estimée,27
réellement,27
passion,27
cannes,27
jetait,27
savait,27
récupère,27
ect,27
plusdetrains,27
musée,27
bretagne,27
régler,27
moral,27
miskine,27
sombre,27
étoile,27
repéré,27
prétexte,27
inconnu,27
courrier,27
mienne,27
mskn,27
notamment,27
hiver,27
smartphone,27
verras,27
climatisation,27
oblige,27
serré,26
défi,26
porc,26
tlmt,26
paire,26
vien,26
groupes,26
réservé,26
rigolé,26
anniv,26
insultes,26
humaine,26
citoyens,26
aprèm,26
calmer,26
black,26
interruption,26
a-t-il,26
annuler,26
kg,26
présents,26
abo,26
quant,26
interférer,26
discussion,26
bye,26
directeur,26
tbc,26
picardieter,26
devez,26
lyonnais,26
énergie,26
publics,26
soin,26
chessy,26
murs,26
aidé,26
épaule,26
idtgv,26
croix,26
lié,26
sarah,26
vies,26
tenu,26
ressemblait,26
logiciel,26
calmes,26
horizon,26
détails,26
kevin,26
draguer,26
plupart,26
bio,26
usage,26
véhicule,26
digital,26
surface,26
cris,26
goût,26
allons,26
comportement,26
capter,26
dégueulasse,26
sncfreseau,26
camp,26
buzz,26
pollution,26
refus,26
parisienne,26
blabla,26
importance,26
dma,26
fonds,26
mène,26
snaps,26
plainte,26
national,26
po,26
retrait,26
jambe,25
benzema,25
ballons,25
continu,25
pété,25
front,25
vomi,25
ios,25
tcl,25
différent,25
matuidi,25
produits,25
wa,25
prenait,25
moque,25
logement,25
appellent,25
prénom,25
tj,25
gabon,25
charme,25
off,25
bacheliers,25
changent,25
étonnant,25
periscope,25
olala,25
réponses,25
construire,25
sarko,25
discuter,25
signature,25
macdo,25
tombent,25
cheville,25
anciens,25
effectif,25
évolution,25
coran,25
caca,25
libe,25
charger,25
disponible,25
devra,25
chopper,25
obama,25
patienter,25
départs,25
mouvements,25
cou,25
profil,25
continuez,25
basket,25
sure,25
javais,25
tlm,25
sf,25
feux,25
pisser,25
trompée,25
perturbe,25
doux,25
destin,25
lgv,25
balance,25
mdp,25
visiter,25
it,25
choisy,25
lèvres,25
prévoit,25
connasse,25
libres,25
daronnes,25
énerver,25
trkl,25
censée,25
panneaux,25
louis,25
grandissez,25
traverse,25
arnaque,25
sortis,25
rere,25
réduire,25
gloire,25
centaines,25
regrette,25
obtenir,25
responsabilité,25
manager,25
studio,25
jungle,25
tec,25
réservation,25
tristesse,25
garantie,25
remplir,25
écoutais,25
lignep,25
japon,25
craquer,25
free,25
théâtre,25
emplois,25
plains,25
manche,25
restée,24
sandwich,24
second,24
rassure,24
largement,24
quels,24
passez,24
derriere,24
juger,24
ch,24
étonne,24
repense,24
déjeuner,24
and,24
sourit,24
renomme,24
puissance,24
bataille,24
araignée,24
bourrés,24
carrière,24
puis-je,24
assises,24
lache,24
mac,24
desservi,24
teamom,24
expression,24
amitié,24
partage,24
chasse,24
revanche,24
supp,24
arras,24
psy,24
disparu,24
préfecture,24
cp,24
intéresse,24
fassent,24
gdn,24
couper,24
rajouter,24
vides,24
maître,24
normandie,24
obligés,24
voyagessncfcom,24
bigdata,24
indiquer,24
poussé,24
fromage,24
soirées,24
vélodrome,24
difficulté,24
bleue,24
intelligent,24
complot,24
genant,24
nîmes,24
luxembourg,24
irl,24
démarche,24
retenir,24
dates,24
quatre,24
trouves,24
choc,24
piquer,24
lbus,24
efficace,24
écart,24
maillots,24
lettres,24
télécharger,24
patients,24
proches,24
hf,24
rochelle,24
japonais,24
paumé,24
efforts,24
fameux,24
recrutement,24
vociférer,24
bizarres,24
pantalon,24
usb,24
règles,24
salaires,24
motivation,24
tire,24
uvre,24
appartement,23
articles,23
remercier,23
fréquence,23
dme,23
pires,23
pressé,23
aujd,23
descendent,23
sortait,23
ptite,23
annulation,23
prochains,23
pannes,23
prévus,23
gueules,23
vivent,23
servi,23
conférence,23
future,23
répondu,23
beh,23
ouvertes,23
sorties,23
depart,23
poubelles,23
frarou,23
appuyer,23
priori,23
distributeur,23
marseillaise,23
mental,23
jus,23
étude,23
virer,23
cetait,23
courent,23
continuent,23
fo,23
pourront,23
sénégal,23
signé,23
stand,23
refait,23
espérons,23
fume,23
instagram,23
présenter,23
a.,23
proximité,23
afpfr,23
économique,23
organise,23
ongles,23
fortes,23
toussa,23
vache,23
maintenance,23
math,23
fret,23
teste,23
chantait,23
patrimoine,23
bouteilles,23
mails,23
imposer,23
bagages,23
copines,23
eurostar,23
cuisine,23
lait,23
terrasse,23
ménage,23
navettes,23
meilleures,23
nicolas,23
accent,23
gentille,23
détruire,23
viol,23
comptez,23
osé,23
pathétique,23
forfait,23
devriez,23
emmanuelmacron,23
senti,23
aeroport,23
affiché,23
triomphe,23
siècle,23
pv,23
nvm,23
agresser,23
bruits,23
choquer,23
xbox,23
croyait,23
desserte,23
canal,23
réagir,23
sem,23
thune,23
comm,23
signer,23
championne,23
amoureuse,23
irlandais,23
ht,23
by,23
bancaire,23
opposition,23
câble,23
union,23
commentaire,23
alarme,23
aha,23
essayent,23
chargé,23
volume,23
électriques,23
médecins,23
craint,23
moteur,23
procès,23
quelles,23
viande,23
plu,23
douce,23
permettra,23
zones,22
promesses,22
signal,22
louer,22
verrai,22
alsace,22
adieu,22
roues,22
germain,22
ranger,22
penalty,22
best,22
ennuie,22
piste,22
réfugiés,22
management,22
examen,22
convention,22
reconnu,22
gagnent,22
bourse,22
département,22
controleur,22
ep,22
habillé,22
référence,22
etc.,22
menaces,22
partit,22
uns,22
dizaines,22
prisons,22
poule,22
islandais,22
immatriculé,22
é,22
greves,22
mignonne,22
usine,22
bonbons,22
certainement,22
cassent,22
marchent,22
porté,22
doucement,22
médecine,22
maisons,22
cinéma,22
ggrmc,22
virage,22
parmi,22
essayez,22
garage,22
présidentielle,22
effets,22
vas-y,22
claquer,22
large,22
kan,22
alex,22
défiler,22
davantage,22
tomektr,22
camions,22
malades,22
voté,22
commission,22
porwal,22
voisine,22
opéra,22
enlèvement,22
arrivez,22
candidat,22
entraînement,22
refuser,22
réserve,22
transition,22
arme,22
montes,22
hidalgo,22
allongement,22
paraît,22
flic,22
cordialement,22
plaint,22
embrouilles,22
chansons,22
convaincre,22
affluence,22
cimer,22
ceinture,22
terpacasncf,22
monaco,22
pf,22
h-h,22
impact,22
glace,22
vécu,22
allaient,22
réparer,22
is,22
startup,22
mobilisation,22
dépenser,22
voyais,22
immense,22
fermés,22
pourraient,22
crème,22
travailleurs,22
onu,22
usager,22
sincèrement,22
infrabel,22
dessin,22
allemande,22
interdiction,22
saoule,22
augmenté,22
tan,22
suicider,22
coco,22
personnage,22
flou,22
surement,22
aimais,22
pret,22
chapeau,22
lutter,21
pari,21
blonde,21
forcé,21
pontoise,21
canicule,21
rencontré,21
perdus,21
docteur,21
airbus,21
imprimer,21
journee,21
extrême,21
oeuvre,21
météo,21
rpg,21
pers,21
chaise,21
habitants,21
propriétaire,21
troll,21
fortement,21
chargeur,21
déviation,21
dalle,21
suivent,21
show,21
calculer,21
protéger,21
ei,21
graille,21
hum,21
ét,21
capte,21
géants,21
covoiturage,21
boissy,21
européens,21
étage,21
tabac,21
littéralement,21
disaient,21
bizarrement,21
épaules,21
fermées,21
amendes,21
pbs,21
écoutent,21
étudiant,21
manon,21
pouvons,21
vin,21
préparation,21
inconnus,21
proposition,21
shit,21
symbole,21
accrocher,21
cable,21
sentiment,21
serieux,21
escalier,21
stars,21
royaume,21
panier,21
remarqué,21
plaque,21
arbre,21
pdg,21
estime,21
ferment,21
collectif,21
feuilles,21
galères,21
pack,21
veuillez,21
parceque,21
sentais,21
pickpockets,21
clichy,21
saura,21
interne,21
choque,21
valable,21
atelier,21
al,21
plat,21
dépasse,21
sortez,21
vêtements,21
remember,21
aix,21
pantin,21
juve,21
chris,21
découvre,21
reims,21
théorie,21
réforme,21
hauts,21
maxime,21
critiquent,21
développer,21
ç,21
misère,21
ete,21
sourcils,21
ajouter,21
égalité,21
dirigeants,21
commander,21
regards,21
handicapés,21
cloud,21
got,21
sauce,21
remboursé,21
domicile,21
poulet,21
stream,21
investir,21
phone,21
chauffer,21
harry,21
camille,21
villeneuve,21
voire,21
héros,21
promotion,21
stm,21
nddl,20
jles,20
agressé,20
pref,20
naturel,20
venus,20
forum,20
évacuer,20
consiste,20
men,20
polémique,20
bin,20
décider,20
fichiers,20
gagnant,20
fnac,20
ajouté,20
rupture,20
chéri,20
time,20
ile,20
grille,20
relations,20
venant,20
routière,20
méga,20
pouvaient,20
flippant,20
déficit,20
essaient,20
remonte,20
géré,20
prouve,20
nike,20
mettant,20
cage,20
controleurs,20
tp,20
envoi,20
delà,20
tonnes,20
revenus,20
parischartres,20
séjour,20
self,20
canada,20
mddrr,20
descendue,20
ouvrent,20
mandat,20
marion,20
espere,20
dés,20
bise,20
foyer,20
conseiller,20
comparé,20
rond,20
accepte,20
condamné,20
sauté,20
svt,20
comprennent,20
disque,20
bruh,20
désaltérer,20
conflit,20
endroits,20
reine,20
cts,20
suppose,20
oreille,20
trace,20
jurez,20
cosplay,20
york,20
bsr,20
explosé,20
souffrir,20
crime,20
frustration,20
félicitations,20
parfaitement,20
cash,20
trouvent,20
rénovation,20
cyrilhanouna,20
arrange,20
vacs,20
crâne,20
manga,20
sons,20
facture,20
assoient,20
réflexion,20
efficacité,20
couteau,20
avez-vous,20
offert,20
vacance,20
incinérer,20
endors,20
terrorisme,20
transforme,20
pot,20
crié,20
sales,20
élevé,20
portugaise,20
sauna,20
baise,20
compétences,20
domaine,20
embouteillages,20
poursuivre,20
debut,20
financer,20
bz,20
perde,20
hurle,20
militaires,20
pnl,20
c.,20
espèrer,20
tg,20
fringues,20
blocage,20
roumains,20
avt,20
all,20
ours,20
ivre,20
contacts,20
déconner,20
plateau,20
province,20
sim,20
digne,20
adulte,20
oups,20
voudrait,20
commences,20
bel,20
essayant,20
actes,20
médaille,20
assois,20
cible,20
fail,20
fav,20
aveugle,20
râle,20
sauvage,20
chiffres,20
bla,20
livraison,20
abuser,19
pseudo,19
génération,19
blanches,19
communiquer,19
ptits,19
capital,19
oua,19
dédommagement,19
martin,19
bossent,19
tunisie,19
vague,19
électricité,19
classique,19
mauvaises,19
intempéries,19
talents,19
cfdt,19
russes,19
probablement,19
principes,19
procédure,19
stock,19
hate,19
juré,19
boss,19
précis,19
life,19
contrairement,19
préciser,19
md,19
copains,19
drame,19
syndicat,19
payés,19
capté,19
six,19
claque,19
emery,19
fibre,19
tratp,19
enculés,19
sketch,19
épreuves,19
assoie,19
conversations,19
pelle,19
rtl,19
chiottes,19
lot,19
kebab,19
travaillent,19
recharger,19
déçue,19
énormément,19
mépris,19
sui,19
besoins,19
signifie,19
ctsinfostrafic,19
pourrir,19
conclusion,19
louche,19
produit,19
touristique,19
frein,19
dead,19
gratuité,19
remis,19
voulaient,19
états,19
correspondances,19
avantages,19
arrêtait,19
signes,19
hs,19
poussent,19
présentation,19
expliquez,19
hh,19
laïcité,19
carnet,19
ga,19
premières,19
devoirs,19
aventure,19
écoles,19
lmonde,19
seigneur,19
puait,19
pelouse,19
planning,19
phrases,19
né,19
repasser,19
écoutant,19
production,19
maj,19
dab,19
tokyo,19
anti,19
sentait,19
vtc,19
yo,19
jmaulas,19
explications,19
venais,19
gratuits,19
finances,19
pyjama,19
arrivais,19
titres,19
prêter,19
négocier,19
préavis,19
intérêts,19
étrangers,19
gâteau,19
karma,19
monstre,19
aulnay,19
oublient,19
écouteur,19
construction,19
québec,19
bo,19
trouvais,19
coman,19
journaliste,19
arsenal,19
violent,19
honnêtement,19
championnat,19
mdit,19
célébration,19
racaille,19
atteindre,19
demandez,19
crari,19
biens,19
hm,19
pouvez-vous,19
ego,19
auj,19
hall,19
bad,19
rome,19
nourriture,19
disparition,19
staff,19
aperçu,19
maquillage,19
sucer,19
lepoint,19
rh,19
géant,19
humains,19
excès,19
tiennent,19
calmez,19
waa,19
légèrement,19
croissance,19
rattrapages,19
épisodes,19
gentils,19
gif,19
regardais,19
pen,19
tablette,19
tacos,19
bâtiment,18
stopper,18
boules,18
survivre,18
quid,18
astuces,18
connaissance,18
reprends,18
lorraine,18
légende,18
leve,18
portée,18
rmcinfo,18
diffuser,18
harcèlement,18
carrefour,18
impose,18
laurent,18
relève,18
activités,18
souhaitez,18
maladie,18
partenariat,18
prévenu,18
céder,18
fuir,18
avignon,18
campus,18
investit,18
lequipedusoir,18
sciences,18
facon,18
qql,18
lexpress,18
pecresse,18
etoile,18
majeur,18
million,18
accompagne,18
rtlfrance,18
recommencer,18
coworking,18
ventes,18
paniquer,18
perspective,18
bim,18
cd,18
poteau,18
fortune,18
traficparis,18
suffisant,18
rip,18
paiement,18
spéciale,18
sujets,18
lignesnetusncf,18
prier,18
central,18
facteur,18
chemise,18
appareil,18
merdique,18
os,18
moi-même,18
ic,18
zidane,18
assemblée,18
what,18
intelligence,18
work,18
aidez,18
viendra,18
existence,18
utilisation,18
pe,18
excuser,18
nkm,18
renseigner,18
accepté,18
connaissais,18
international,18
croises,18
troyes,18
bientot,18
chialer,18
bayrou,18
tpe,18
militaire,18
permettrait,18
nettoyer,18
objet,18
galere,18
forts,18
lumières,18
mds,18
confortable,18
ahaha,18
mince,18
opposé,18
jmen,18
réinsérer,18
disons,18
combattre,18
ahh,18
jugement,18
administration,18
vo,18
concerts,18
h..,18
répétition,18
puissant,18
retourné,18
plastique,18
artistes,18
amuse,18
poster,18
followers,18
percer,18
jetais,18
frontière,18
captaintrain,18
faveur,18
tlr,18
do,18
ouigosncf,18
actuel,18
okay,18
perdent,18
aides,18
restaurant,18
seins,18
feront,18
oncle,18
italien,18
malheur,18
marge,18
voyait,18
arriverai,18
scoopit,18
sup,18
azy,18
fausse,18
tapent,18
ptin,18
leçon,18
roue,18
façons,18
gps,18
fument,18
palais,18
tension,18
patrons,18
sonne,18
fiersdetrebleus,18
frairl,18
combo,18
telles,18
fleurs,18
chantent,18
tonton,18
montés,18
inventé,18
amsterdam,18
roumain,18
forcent,18
supplémentaires,18
ap,18
pull,18
partiels,18
revenue,18
importants,18
flixbus,18
sept,18
centres,18
cinq,18
recupérer,18
vrm,18
pkoi,18
def,18
confirmation,18
fiscale,18
justin,18
chaude,18
difficiles,18
easy,18
cop,18
rtm,18
abonnements,18
check,18
mega,18
bouchon,18
bazar,18
potter,18
jalousie,18
criait,18
dira,18
gaffe,18
ouigo,18
débiles,18
caution,18
blesser,18
autonome,17
présidence,17
mettait,17
jcommence,17
moquer,17
coupure,17
roulé,17
emmerder,17
apporter,17
bâtard,17
skate,17
définitivement,17
habitudes,17
clefs,17
âgées,17
rmcsport,17
routine,17
vénère,17
annule,17
tprincedelamour,17
intercité,17
commandé,17
peut-il,17
naissance,17
excellente,17
emmerde,17
abruti,17
chèque,17
branle,17
débarque,17
incendié,17
adapter,17
conséquence,17
enceintes,17
garé,17
internat,17
rihanna,17
crache,17
catastrophe,17
sympathique,17
collision,17
qnd,17
échapper,17
email,17
jdis,17
opinion,17
jupe,17
marathon,17
fumée,17
fair,17
bulletin,17
gouv,17
béziers,17
agresse,17
contrôles,17
retire,17
boom,17
wc,17
stib,17
puer,17
modifier,17
madrid,17
music,17
sensé,17
pistes,17
blinde,17
francetv,17
dja,17
mns,17
doubler,17
tien,17
farage,17
léger,17
installé,17
machines,17
races,17
canapé,17
chefs,17
nucléaire,17
percuté,17
lapin,17
moches,17
descendant,17
progrès,17
pigeon,17
sm,17
renverser,17
centre-ville,17
virtuelle,17
beauf,17
grèce,17
ressortir,17
rosa,17
vachement,17
concrètement,17
sympas,17
meaux,17
hommage,17
fiches,17
cuisses,17
lac,17
atteint,17
sûreté,17
déranger,17
premiere,17
clash,17
frdesouche,17
congés,17
dansletgv,17
journalier,17
réelle,17
insolite,17
couche,17
remplis,17
policier,17
quoique,17
représente,17
confirmé,17
ui,17
dizaine,17
sncfinfopresse,17
méchant,17
jésus,17
fautes,17
jm,17
enlève,17
aout,17
artiste,17
dépêcher,17
citymapper,17
outils,17
gratos,17
piges,17
pete,17
cri,17
délégation,17
malveillance,17
alpes,17
league,17
franciliens,17
dorment,17
auteur,17
phase,17
distribution,17
sportif,17
prévention,17
allezlesbleus,17
luxe,17
provenance,17
mika,17
gardien,17
dames,17
fauteuil,17
tienne,17
véritable,17
alain,17
dl,17
citoyen,17
mou,17
filer,17
sel,17
sg,17
iledefrance,17
beurette,17
derniere,17
oim,17
publicités,17
quartiers,17
assurance,17
traite,17
posent,17
urbain,17
cigarette,17
tva,17
cite,17
belges,17
différer,17
dej,17
paradis,17
manifestations,17
ordres,17
paname,17
récupéré,17
déception,17
am,17
effacer,17
évacuation,17
lloris,17
nb,17
assistance,17
chelles,17
ombre,17
gas,17
mater,17
plaine,17
juifs,17
retenu,17
montage,17
précise,17
plante,17
chirurgien,17
fraudeurs,17
pleuré,17
prière,17
techno,16
pierremenes,16
finales,16
pratiques,16
populaire,16
janvier,16
opendata,16
pas..,16
prefere,16
moin,16
livrer,16
carré,16
taffer,16
ptet,16
lisbonne,16
vodka,16
arguments,16
dessert,16
rueil,16
classes,16
piqué,16
slogan,16
parait,16
honnête,16
caméra,16
partait,16
mensonge,16
dilemme,16
economie,16
perdues,16
pôle,16
tro,16
coparischateau,16
deviens,16
apéro,16
pomme,16
crédit,16
rageux,16
community,16
superbe,16
bahut,16
annulés,16
poutine,16
longueur,16
park,16
taxe,16
changez,16
cho,16
découvert,16
portiques,16
considère,16
appels,16
villiers,16
venteom,16
marches,16
complexe,16
verts,16
mosquée,16
occupé,16
codes,16
box,16
négociation,16
chiale,16
istanbul,16
tej,16
défilé,16
commençait,16
verratti,16
condition,16
sorry,16
umtiti,16
thug,16
préfèrent,16
contexte,16
parie,16
apercevoir,16
clermont,16
breaking,16
pakpak,16
velo,16
psl,16
passages,16
hallucinant,16
recrute,16
engagement,16
suspension,16
barrer,16
délai,16
chaos,16
tournan,16
stats,16
nourrir,16
jouant,16
reporter,16
cristiano,16
cadeaux,16
présentement,16
avocat,16
selfie,16
gorge,16
lentement,16
durer,16
compiègne,16
dictature,16
étages,16
leçons,16
aimez,16
ahahah,16
chartres,16
membre,16
pourrez,16
satisfaction,16
topachat,16
babtou,16
faillis,16
trans,16
mises,16
battent,16
pénurie,16
tactique,16
chanteur,16
tolérance,16
heu,16
barré,16
gifler,16
filiale,16
twittos,16
squad,16
ecouteurs,16
entraîneur,16
voleurs,16
prolongement,16
bd,16
rtsi,16
moderne,16
habitué,16
effectuer,16
beaufs,16
appartient,16
dédicace,16
huit,16
lune,16
tribunal,16
creil,16
verrais,16
caractère,16
idiots,16
décembre,16
console,16
comité,16
étoiles,16
lisant,16
papi,16
présidente,16
définition,16
tester,16
profité,16
like,16
inscriptions,16
bagage,16
dormait,16
atletico,16
climatisés,16
bouffon,16
constitution,16
défoncer,16
russe,16
dégage,16
sortit,16
oraux,16
roumanie,16
principal,16
rejoins,16
fauché,16
église,16
obligatoire,16
automatique,16
recruter,16
essais,16
agenda,16
four,16
température,16
canard,16
tableau,16
racistes,16
avancée,16
raconté,16
adultes,16
papy,16
payet,16
manifester,16
décidément,16
placer,16
lavent,16
messieurs,16
banques,16
rassemblement,16
stagiaire,16
extrêmement,16
soldes,16
reveiller,16
puce,16
omofficiel,16
bébés,16
réussit,16
sauvé,16
sports,16
curry,16
hurlent,16
envies,16
mantes,16
surpris,16
journaux,16
moustique,16
valérie,16
imprime,16
mètre,16
suspects,16
infotraficperso,16
placé,16
reconnaître,16
applications,16
explose,16
voyons,16
spoiler,16
faille,16
détruit,16
torcy,16
demandais,16
démon,16
kfc,16
figure,16
arrêtes,16
individus,16
sonnerie,16
lou,16
pénible,16
incarcérer,16
cheminot,16
fausses,16
habituel,16
tronche,16
gallois,16
répète,16
révolution,16
taobustram,16
vider,16
rugby,16
mener,16
condamnée,16
équilibre,16
quil,16
galerer,16
propagande,16
alainjuppe,16
lion,16
palaiseau,16
bondés,16
galles,16
bouquin,16
prépa,16
blindés,16
pensait,16
levallois,16
accidents,16
député,16
fins,16
verdun,16
kim,16
handicapé,16
pus,15
tests,15
avancé,15
level,15
degré,15
costume,15
malin,15
scoot,15
puisqu,15
éco,15
revu,15
ag,15
eds,15
roubaix,15
jet,15
hp,15
circulera,15
commençais,15
parlaient,15
adversaire,15
assosadur,15
morale,15
vise,15
dance,15
régulièrement,15
âgée,15
compatible,15
stminfo,15
obligation,15
perturbée,15
bisou,15
abuse,15
sos,15
cherché,15
laissant,15
fixé,15
provins,15
suivez,15
compliquer,15
deo,15
portefeuille,15
camping,15
poto,15
coca,15
juges,15
responsables,15
cdi,15
nid,15
compréhension,15
pleurs,15
montagne,15
metropolerennes,15
analyse,15
karim,15
diffusion,15
ecoute,15
idéal,15
transpolebus,15
hélas,15
minable,15
parfaite,15
embrasser,15
profit,15
clopes,15
comprenez,15
divorce,15
bétail,15
bn,15
italiens,15
cf,15
rattrapé,15
manuel,15
réal,15
justifier,15
demie,15
croissant,15
balader,15
recul,15
divers,15
autorisation,15
désert,15
tracé,15
post,15
hihi,15
retweeted,15
mourinho,15
nanterre-prefecture,15
office,15
antillais,15
gentillesse,15
exams,15
dunkerque,15
votes,15
genève,15
candidats,15
scandaleux,15
tite,15
nocturne,15
cdt,15
violences,15
didier,15
tapis,15
bustram,15
drapeaux,15
zen,15
cs,15
conséquences,15
américain,15
judiciaire,15
martial,15
è,15
remplacé,15
chaussettes,15
nuls,15
immigration,15
embauche,15
for,15
méritent,15
mystère,15
noël,15
deteste,15
invitons,15
abandonner,15
traces,15
futurs,15
repart,15
fc,15
tentant,15
encourager,15
repars,15
street,15
mt,15
thalys,15
belge,15
kiffer,15
full,15
diriger,15
douane,15
good,15
safe,15
milan,15
fleuve,15
puissent,15
cqfd,15
gras,15
nanas,15
stalingrad,15
envoyez,15
motivé,15
thomas,15
préviens,15
votez,15
utilisent,15
fa,15
cabinet,15
remplace,15
conducteurrer,15
constater,15
repose,15
sam,15
guitare,15
bulle,15
étonner,15
compétition,15
responsabilités,15
bidon,15
écoutes,15
regardaient,15
france-portugal,15
zoo,15
not,15
tronçon,15
pleurent,15
décroche,15
montreuil,15
chloé,15
friendzone,15
touriste,15
j-,15
sav,15
grevesncf,15
concentrer,15
juppé,15
énervé,15
sein,15
bouyguestelecom,15
antogriezmann,15
câlin,15
révisions,15
blesse,15
apparement,15
décisions,15
beuh,15
syndrome,15
vivant,15
indispensable,15
installe,15
finisse,15
chinoise,15
alimentation,15
payant,15
dépassé,15
ny,15
possède,15
koi,15
ouestfrance,15
patrick,15
soulever,15
unité,15
paris-montparnasse,15
mohamed,15
répéter,15
actufoot,15
b.,15
cestrosi,15
corse,15
absent,15
pres,15
permettant,15
cassée,15
réalisé,15
témoins,15
pascal,15
adapté,15
marchait,15
entièrement,15
raisonnable,15
monopole,15
jarrive,15
thread,15
iran,15
longues,15
casseurs,15
inquiétez,15
couac,15
niveaux,15
ferry,15
pauvreté,15
retiré,15
respire,15
plaignent,15
satan,15
poches,15
exister,15
polqc,15
nu,15
gamines,15
fucking,15
ré,15
yaura,15
exact,15
tort,15
directrice,15
gendarmerie,15
insulté,15
tir,14
aident,14
sardines,14
achats,14
primaires,14
op,14
suspendu,14
roulait,14
pouce,14
twi,14
beauvais,14
airfrancefr,14
organisé,14
calcule,14
mondiale,14
comprenais,14
battu,14
dormis,14
open,14
discrimination,14
joies,14
denfert,14
science,14
rarement,14
tou,14
carbone,14
vus,14
militants,14
classement,14
demandait,14
retraités,14
aah,14
chasser,14
cycle,14
spoil,14
bien-sûr,14
laisses,14
progressive,14
gâteaux,14
niquel,14
morandiniblog,14
doc,14
dépression,14
cuite,14
rit,14
tri,14
design,14
existait,14
chicha,14
dépasser,14
caillassé,14
diable,14
lisent,14
amusent,14
voudra,14
prolonger,14
dégoûte,14
cque,14
évoluer,14
rentree,14
boulogne,14
acteurs,14
douceur,14
sacré,14
démission,14
quentin,14
nommé,14
plaire,14
accordéon,14
pommes,14
valence,14
retrouvez,14
patate,14
escale,14
merveilleux,14
tels,14
média,14
mentalité,14
dylan,14
cabine,14
criant,14
bandes,14
locale,14
robert,14
recommande,14
prevu,14
dessins,14
trempée,14
issue,14
lucas,14
windows,14
rappelé,14
lci,14
malaises,14
culs,14
financière,14
appendicite,14
e.,14
corée,14
restez,14
commandes,14
fichier,14
klaxonne,14
ptites,14
dialogue,14
taire,14
victoires,14
clique,14
nde,14
déconne,14
tsuchan,14
voulant,14
rapprocher,14
escalators,14
tranche,14
fillon,14
électeurs,14
goss,14
acc,14
quon,14
chips,14
hurler,14
crevée,14
amies,14
rsa,14
bibi,14
boulet,14
envi,14
itinéraires,14
tom,14
encourage,14
oeufs,14
sondages,14
ptnn,14
arrets,14
réfléchis,14
contrôlé,14
gênée,14
sérieuse,14
étendre,14
hotel,14
torture,14
serein,14
cadavre,14
éclater,14
nécessaires,14
regretter,14
mojito,14
exclu,14
brûle,14
mortel,14
tune,14
perturbant,14
roux,14
poursuit,14
pur,14
foire,14
négatif,14
anne,14
automobiliste,14
blablacar,14
scooter,14
jpasse,14
chope,14
mario,14
croirait,14
timing,14
croisent,14
pti,14
créteil,14
londonien,14
réduc,14
rates,14
embrouiller,14
actuelle,14
limites,14
finance,14
nrv,14
dose,14
propreté,14
sr,14
tuto,14
faut-il,14
beaudetstephane,14
européen,14
pikachu,14
jeanne,14
sexy,14
éteindre,14
tgvpop,14
serait-il,14
claire,14
dcp,14
map,14
stresser,14
descente,14
vnr,14
numéros,14
fruits,14
games,14
chaînes,14
chargée,14
collent,14
devenue,14
fake,14
promesse,14
cramé,14
collée,14
chérie,14
parlement,14
ligneh,14
ger,14
munich,14
serrer,14
sexuelle,14
cadres,14
zappé,14
préfecturedepolice,14
maquiller,14
clubs,14
donnée,14
favoris,14
ipod,14
roulant,14
rétro,14
craque,14
jaurès,14
martinez,14
ados,14
évitez,14
comparer,14
fidélité,14
perrache,14
personnages,14
allongements,14
réclame,14
prolongation,14
payes,14
connaitre,14
darons,14
courte,14
jacques,14
cassos,14
pitoyable,14
débarquer,14
laink,14
investissement,14
résume,14
jeremstar,14
reconnais,14
shirt,14
samsung,14
soigner,14
rares,14
desservie,14
supplémentaire,14
capturer,14
morceau,14
mine,14
tllmt,14
out,14
discussions,14
équivalent,14
pecho,14
ecrit,14
lisalaposte,14
ajoute,14
admdtour,14
énervée,14
renouvellement,14
jsors,14
sécuriser,14
climat,14
invités,14
participation,14
lignel,14
maelbeek,14
éléments,14
jen,14
jtm,14
kilomètres,14
stan,14
connecter,14
guette,14
mignons,14
arriverais,14
êt,14
logistique,14
rambouillet,14
élection,14
bielsa,14
skype,14
w,14
albanie,14
jaja,14
footeux,14
athlètes,14
essayait,14
ado,13
brésil,13
aéroports,13
coiffeur,13
docseventv,13
généralement,13
discret,13
consommation,13
tal,13
congo,13
mousse,13
klaxonner,13
caler,13
rendent,13
lelabe,13
lesechos,13
magenta,13
incompétents,13
attrapé,13
informe,13
métiers,13
sage,13
blogueur,13
costard,13
rigolo,13
concorde,13
deviennent,13
julien,13
parallèle,13
cam,13
support,13
partageant,13
boit,13
normes,13
jack,13
jouait,13
compare,13
na,13
abou,13
pl,13
tiré,13
conflits,13
ondes,13
evry,13
ptdrrrr,13
couscous,13
prochaines,13
élections,13
complète,13
comble,13
écouté,13
trait,13
reviennent,13
laz,13
confirmer,13
zbeul,13
mourrir,13
taré,13
connaissant,13
audio,13
fantastique,13
champs-elysées,13
exprimer,13
françaises,13
amélioration,13
coureurs,13
amateur,13
lel,13
lucie,13
catégorie,13
profitez,13
réalise,13
apprête,13
restant,13
ça..,13
fédéral,13
résoudre,13
intégrer,13
performance,13
patte,13
fédération,13
paniqué,13
jregarde,13
dakar,13
chauffe,13
technologie,13
g.,13
lens,13
pompe,13
videos,13
sereine,13
saut,13
priorités,13
linge,13
tardive,13
échanges,13
individu,13
prisonniers,13
violer,13
possibles,13
tribune,13
provoque,13
bières,13
ramasser,13
réglé,13
store,13
dite,13
cesser,13
tb,13
retarder,13
chanté,13
peinture,13
clime,13
demi-tour,13
offres,13
prouver,13
lorient,13
donnes,13
bruno,13
niqué,13
freine,13
documents,13
rassembler,13
kiffe,13
confirme,13
sah,13
suce,13
surs,13
surtt,13
maquillée,13
laissons,13
pdnt,13
gerber,13
bolt,13
clem,13
axel,13
argenteuil,13
country,13
obt,13
mycountry,13
cherches,13
reflet,13
rénover,13
p.,13
infrastructures,13
quarts,13
brétigny,13
actutransilien,13
frites,13
légitime,13
trophée,13
maîtrise,13
maintien,13
habitent,13
soutiens,13
sable,13
ohlala,13
industrie,13
oiseau,13
timide,13
reve,13
centaine,13
ho,13
matières,13
poissons,13
voilée,13
souriant,13
lèvent,13
kiffé,13
k.o,13
refaite,13
cages,13
mc,13
ambition,13
fragile,13
illimité,13
emporter,13
comptable,13
députés,13
bêtise,13
religieux,13
déodorant,13
rentable,13
revue,13
onpc,13
dépenses,13
doutes,13
ultime,13
ballerines,13
chômeurs,13
accuse,13
terminal,13
goal,13
périph,13
jaime,13
avk,13
bêtes,13
menu,13
matos,13
reparle,13
problématique,13
îl,13
warriors,13
jattend,13
pme,13
immobilier,13
thevoice,13
riches,13
snapchat,13
franceinter,13
figaro,13
c-tiitr,13
couté,13
acquittée,13
kervielpanama,13
lheure,13
socialiste,13
pressée,13
curieux,13
sue,13
piétons,13
tsais,13
commencez,13
utilisez,13
royaume-uni,13
affectant,13
renouveler,13
accompagné,13
engueule,13
rattrape,13
allonger,13
prefpolice,13
jaunes,13
rang,13
étouffer,13
twisto,13
chaussure,13
marchés,13
finira,13
coûté,13
cliché,13
boutiques,13
gs,13
coordonnées,13
please,13
écrasé,13
principale,13
validé,13
jérusalem,13
bars,13
ram,13
niort,13
cousins,13
évidement,13
rennais,13
jlmelenchon,13
eciotti,13
élève,13
manquent,13
caf,13
acquis,13
dois-je,13
tués,13
royal,13
gisors,13
franc,13
consignes,13
formidable,13
maintenir,13
pokemons,13
contenter,13
entré,13
pau,13
aventures,13
traversé,13
intention,13
intéressé,13
musulmane,13
félicite,13
arrêtés,13
lèvre,13
ris,13
guichets,13
situé,13
retrouves,13
dixit,13
gris,13
essayes,13
stressée,13
inviter,13
israéliens,13
controle,13
compagnies,13
garçons,13
invité,13
traité,13
laura,13
queen,13
payent,13
liège,13
he,13
racheter,13
chie,13
ralentir,13
criminels,13
netflix,13
croyant,13
défend,13
mélange,13
wait,13
ukraine,13
san,13
fonctionnaires,13
chronopost,13
marques,13
faisaient,13
chopé,13
renforcer,13
amuser,13
htt,13
neymar,13
gb,13
fumé,13
punaise,13
finissent,13
incompréhensible,13
obligeant,13
besançon,13
roulera,13
courts,13
présenté,13
chuis,13
ramasse,13
ipad,13
située,13
moutons,13
attende,13
communiqué,13
mettra,13
sauve,13
conseillé,12
shopping,12
personnellement,12
culotte,12
peuples,12
back,12
dar,12
aprés,12
restes,12
crainte,12
coute,12
screen,12
photosncf,12
fonctionnement,12
devaient,12
galererafr,12
hi,12
fondre,12
koh,12
lanta,12
chaine,12
correct,12
inclus,12
booba,12
bibliothèque,12
emprise,12
formulaire,12
dr,12
conte,12
antony,12
matelas,12
sondage,12
wade,12
comprendrais,12
mag,12
sexuel,12
enjeu,12
mor,12
pré,12
traduction,12
délais,12
cardiaque,12
américains,12
abords,12
dk,12
tema,12
bombes,12
privée,12
loupée,12
effacement,12
hec,12
pipi,12
controleurpm,12
miss,12
nrj,12
clochards,12
imposé,12
méthode,12
tn,12
moi..,12
valenciennes,12
arche,12
tenais,12
reprocher,12
verrez,12
africaine,12
tend,12
intervenir,12
colombes,12
clairefontaine,12
bagarre,12
essayais,12
montreal,12
retiens,12
diesel,12
marchant,12
flixbusfr,12
twitterfrance,12
beurettes,12
frngodefroy,12
footix,12
chiffre,12
déçus,12
olympique,12
essaies,12
banal,12
trp,12
lui-même,12
dénonce,12
manquait,12
lacérer,12
mouche,12
gilet,12
covoit,12
loupes,12
améliore,12
anticiper,12
tpms,12
élément,12
apprécie,12
vaches,12
déprime,12
déprimer,12
partira,12
poli,12
nationalité,12
circuit,12
flippe,12
issy,12
coule,12
parks,12
maîtresse,12
franck,12
cramer,12
libération,12
sarcelles,12
estimé,12
revenant,12
nécessité,12
twistocaen,12
milliard,12
crazyteamd,12
survie,12
professionnel,12
traversée,12
rencontres,12
vif,12
ali,12
installation,12
nimp,12
épique,12
reussi,12
made,12
pilotes,12
ohh,12
muscu,12
immeuble,12
amazon,12
matter,12
résolution,12
capuche,12
piraté,12
usagerssncf,12
thunes,12
maintenu,12
automatiquement,12
cfa,12
employeur,12
éventuelle,12
smart,12
communs,12
patient,12
écriture,12
provoquer,12
hard,12
râler,12
publiques,12
rivière,12
talofficial,12
relous,12
sinn,12
brunolemaire,12
importante,12
déja,12
évacué,12
rebeux,12
qqs,12
vernis,12
jury,12
alexis,12
traîne,12
religions,12
wimbledon,12
coloc,12
experts,12
flo,12
naze,12
informé,12
souffrance,12
manteau,12
créent,12
poils,12
aisselles,12
united,12
marionmlepen,12
dessiner,12
débarrasser,12
connaissances,12
now,12
robinson,12
annoncés,12
souffre,12
joues,12
golf,12
physiquement,12
challenge,12
inchallah,12
embrasse,12
ignore,12
centrale,12
preuves,12
oser,12
ecouter,12
lobby,12
bénéficier,12
briser,12
faciles,12
commissariat,12
existant,12
potentielle,12
medianexttv,12
inconnue,12
oo,12
immobilisé,12
appuie,12
tél,12
ouloulou,12
excusez,12
habites,12
sécu,12
autorisée,12
jouez,12
argentine,12
alternative,12
retardés,12
vi,12
congolais,12
pourrie,12
soif,12
croisée,12
dj,12
dangereuse,12
centimes,12
knysna,12
jla,12
caténaire,12
chargés,12
notif,12
haineux,12
scred,12
eiffel,12
dollars,12
avtermel,12
lux,12
déploiement,12
loyer,12
glander,12
trade,12
capacités,12
accueille,12
nvx,12
west,12
risqué,12
anime,12
look,12
incendient,12
privés,12
jtrouve,12
pêche,12
atroce,12
oue,12
transformer,12
ojd,12
mld,12
plus..,12
libéralisation,12
baston,12
active,12
scènes,12
chateau,12
tourcoing,12
bigfloetoli,12
capture,12
sexisme,12
sources,12
loyers,12
prince,12
frustrant,12
courait,12
materiel,12
ais,12
mille,12
gav,12
nombreuses,12
chelous,12
publicité,12
drake,12
prêté,12
masque,12
civile,12
annoncent,12
gréve,12
freiner,12
nv,12
space,12
déraillement,12
celui-ci,12
gonfle,12
tournoi,12
concerné,12
aaah,12
climatisé,12
autorités,12
etc..,12
postes,12
reposer,12
otages,12
agences,12
chaises,12
grand-mère,12
sentez,12
inscrit,12
relever,12
eurovision,12
etou,12
imp,12
cahier,12
sienne,12
dirige,12
soiree,12
écoutez,12
critiques,12
flandres,12
sonore,12
grace,12
cmb,12
lesrp,12
trous,12
chrétiens,12
case,12
chaton,12
ressembler,12
tirs,12
duo,12
jalouse,12
examens,12
inventer,12
vais-je,12
merdier,12
transdev,12
michael,12
morceaux,12
daniel,12
pet,12
paysage,12
potos,12
devront,12
affronter,12
maudite,12
déviations,12
james,12
najatvb,12
frigo,12
mama,12
moustiques,12
proposent,12
jurer,12
complément,12
île-de-france,12
empire,12
croatie,12
intéressés,12
déo,12
jconnais,12
fdesouche,12
bf,12
passe-t-il,12
imagines,12
vr,11
cdm,11
purée,11
pattes,11
bouché,11
noter,11
tueur,11
bleues,11
couronne,11
paient,11
emprunter,11
contribuable,11
bxl,11
mafia,11
obtempérer,11
hamster,11
arfa,11
mtnt,11
parent,11
marcel,11
verres,11
porno,11
apparaît,11
exceptionnel,11
philosophie,11
fixent,11
limité,11
construit,11
put,11
abandonne,11
feriez,11
roses,11
enorme,11
oreillette,11
actualités,11
tournage,11
presser,11
tome,11
islamistes,11
serait-ce,11
blocages,11
probabilité,11
sheitan,11
dentiste,11
corbeil,11
ennemi,11
environnement,11
sud-rail,11
soupe,11
vou,11
utilisateurs,11
victor,11
chatons,11
métropole,11
échelle,11
-le,11
vendus,11
inondation,11
alger,11
maladies,11
-j,11
ermont,11
sourires,11
relire,11
survet,11
larret,11
tourbe,11
dioxyde,11
sont-ils,11
pigeons,11
machin,11
cazeneuve,11
sainte,11
fonctionnent,11
validation,11
cailloux,11
sanctions,11
semblent,11
février,11
nausée,11
col,11
féliciter,11
villepinte,11
subit,11
trouble,11
jugé,11
charleroi,11
speed,11
relier,11
suffisamment,11
étudiante,11
assister,11
jdevais,11
daech,11
fraîche,11
mimi,11
boulangerie,11
oppose,11
àvec,11
crains,11
calendrier,11
branleurs,11
notoriété,11
beyoncé,11
mrxkevin,11
motiver,11
tentent,11
planter,11
pendre,11
palestiniens,11
entourage,11
engage,11
coincer,11
mali,11
corriger,11
admirer,11
pleurais,11
màj,11
chouette,11
chantiers,11
flow,11
red,11
parties,11
calculé,11
féminisme,11
laval,11
madeleine,11
relancer,11
saurais,11
langues,11
hooligans,11
foutus,11
.et,11
hehe,11
fêtes,11
ratée,11
mouais,11
tunnels,11
bourdindirect,11
tailler,11
remplie,11
couverture,11
thème,11
eske,11
bourget,11
culot,11
fphilippot,11
day,11
réussis,11
multi,11
donnait,11
mont,11
rats,11
brest,11
posée,11
bk,11
bagnole,11
colonie,11
pince,11
girondins,11
géniale,11
batards,11
maudit,11
au-delà,11
alternatives,11
negro,11
mettais,11
disparaître,11
surveillance,11
vot,11
sauvages,11
acteur,11
employé,11
maternelle,11
palestine,11
manifjuillet,11
keh,11
opérateurs,11
orage,11
donnera,11
mytho,11
prévient,11
sonné,11
jusqua,11
vols,11
desservis,11
répondent,11
gain,11
chapelle,11
chapitre,11
rade,11
liverpool,11
francetvsport,11
rajoute,11
sal,11
qualifier,11
gd,11
zlatan,11
tord,11
revienne,11
milieux,11
remporter,11
anneau,11
utilité,11
privatisation,11
ramené,11
celle-ci,11
aidez-moi,11
sarl,11
éclaté,11
dublin,11
gratte,11
ouh,11
préserver,11
henry,11
périphérique,11
vegan,11
jvoi,11
play,11
cellule,11
élite,11
dispositif,11
conférer,11
rwanda,11
exige,11
plateforme,11
dénoncer,11
ateliers,11
textes,11
trip,11
ptddrr,11
cute,11
participe,11
rejoint,11
compassion,11
constate,11
navrée,11
plaie,11
discrètement,11
googlealerts,11
normaux,11
siffle,11
meurtre,11
démantèlement,11
kd,11
wllh,11
rassurer,11
piano,11
parquet,11
format,11
vain,11
master,11
s.,11
légumes,11
estimee,11
bêtement,11
artifice,11
transmettre,11
auquel,11
bale,11
directidf,11
clinique,11
jmonte,11
regardes,11
comptais,11
saouler,11
étudier,11
tw,11
attaques,11
autrui,11
désagréable,11
joyeux,11
montrouge,11
audrey,11
corde,11
démarré,11
bot,11
buée,11
valait,11
langage,11
consommateurs,11
bible,11
cherchent,11
brise,11
mathieu,11
aiguillage,11
gagnants,11
beurre,11
ralentit,11
périple,11
boîtes,11
procédures,11
xptdr,11
souler,11
applique,11
écharpe,11
vraies,11
apprécier,11
numero,11
cuire,11
calcul,11
omnibus,11
klaxonnent,11
can,11
vainqueur,11
ri,11
insécurité,11
vues,11
enfermer,11
nettoyage,11
logements,11
abonné,11
patrice,11
poules,11
juska,11
nintendo,11
filmé,11
préférence,11
rocard,11
est-elle,11
airfrance,11
georges,11
clément,11
traîner,11
dg,11
microsoft,11
phobie,11
peindre,11
bellecour,11
.vpecresse,11
attraction,11
badge,11
whatsapp,11
bide,11
objectifs,11
compétence,11
mfait,11
siphano,11
johnson,11
renonce,11
clignancourt,11
camillecombal,11
cérémonie,11
systèmes,11
ressenti,11
vernon,11
jcomprends,11
set,11
soute,11
haleine,11
filtre,11
dépense,11
ftg,11
tunes,11
dmd,11
lesrepublicains,11
assousagersidf,11
mlpofficiel,11
pepe,11
maria,11
violemment,11
fenetre,11
réduit,11
bcazeneuve,11
lejdd,11
cuir,11
essai,11
bourgeoise,11
vends,11
degueulasse,11
allo,11
crous,11
eravril,11
rires,11
cependant,11
cauchemar,11
mouillé,11
décalage,11
aire,11
ralentissements,11
flem,11
souhaiter,11
respectez,11
banane,11
ouin,11
pétard,11
cata,11
politesse,11
partais,11
résumé,11
restait,11
citer,11
poursuite,11
pologne,11
canon,11
gta,11
respectent,11
paies,11
yep,11
local,11
jespere,11
bang,11
jpouvais,11
pompes,11
entrées,11
hashtag,11
geule,11
twitch,11
souffle,11
pts,11
prévision,11
lecteur,11
aïe,11
remarques,11
alertes,11
facho,11
macérer,10
vielle,10
griezman,10
conserver,10
dut,10
uberfr,10
illimitée,10
spéciaux,10
réactions,10
poignet,10
ham,10
serveurs,10
plombs,10
isilines,10
nyc,10
trouvée,10
musiciens,10
boivent,10
pureté,10
gdes,10
morales,10
impatience,10
roman,10
baguette,10
jaloux,10
flandre,10
habituellement,10
appliquer,10
stupide,10
bruxellois,10
fallut,10
bousculer,10
pokémons,10
mitry,10
dhabi,10
réductions,10
revois,10
jap,10
coupable,10
fuit,10
exercice,10
racing,10
respiration,10
tisséo,10
rs,10
rigueur,10
spécialement,10
dauphine,10
fiers,10
précisément,10
elyseemarine,10
marina,10
logo,10
recu,10
recette,10
palmoil,10
chantant,10
mineur,10
pharmacie,10
alliance,10
cuit,10
sien,10
bulls,10
hyperloop,10
conserve,10
décalé,10
défauts,10
âne,10
norme,10
ouverts,10
sevran,10
disparaît,10
airbnb,10
adresser,10
méchants,10
auchan,10
rayon,10
dédié,10
bloc,10
lai,10
remboursez,10
otan,10
juliette,10
achete,10
métrobus,10
jjbourdinrmc,10
justifie,10
résa,10
dnc,10
haussmann,10
mamies,10
gabonais,10
aérien,10
olivier,10
nogent,10
eder,10
garedunord,10
crédible,10
patiente,10
vendent,10
tarés,10
lehuffpost,10
soutient,10
célébrer,10
kebetu,10
financé,10
stockage,10
chili,10
drague,10
coma,10
interpelle,10
rtbf,10
porcs,10
foncé,10
islamique,10
espagnols,10
pi,10
lamentable,10
jdoi,10
richesse,10
notion,10
jules,10
smileytrains,10
africain,10
couler,10
lécher,10
étrangler,10
vendeur,10
kdr,10
détester,10
éclate,10
fouiller,10
délires,10
okc,10
orsay,10
chaleurs,10
batte,10
arranger,10
avouer,10
clin,10
tournant,10
conseildeparis,10
securite,10
eelv,10
contents,10
viré,10
footballeurs,10
pros,10
alternance,10
enjeux,10
barrière,10
bal,10
comique,10
jserais,10
défonce,10
soshfr,10
laid,10
enlevé,10
espèces,10
biarritz,10
appelait,10
boulevard,10
mamans,10
sony,10
ange,10
repond,10
embrassent,10
transparence,10
écoutait,10
crame,10
dépôts,10
minorité,10
identique,10
sendyourconfess,10
lourde,10
pondérer,10
transpoleactu,10
julie,10
rappelez,10
bourbier,10
yavai,10
sauvegarde,10
beinsportsfr,10
jogging,10
apprendra,10
précision,10
agglo,10
événements,10
liés,10
retraites,10
pourriez-vous,10
retarde,10
imbéciles,10
w-e,10
range,10
richesses,10
attaquant,10
mangent,10
basta,10
attitude,10
adapte,10
pagaille,10
cavani,10
rembourse,10
ew,10
satisfait,10
scénario,10
zimbabwe,10
gm,10
aulas,10
conséquent,10
jr,10
ruiner,10
mlv,10
louise,10
cracher,10
exploitation,10
irait,10
keske,10
réparation,10
girl,10
voleur,10
intercites,10
god,10
incruste,10
,10
ecole,10
leboncoin,10
faiblesse,10
signale,10
today,10
superman,10
coopération,10
durable,10
mulhouse,10
apporte,10
étonnes,10
utilisateur,10
ascenseur,10
sévère,10
déplorable,10
disparaissent,10
protection,10
endort,10
déclaré,10
civils,10
régional,10
trésorerie,10
refonte,10
tchip,10
positive,10
flippé,10
princesse,10
steak,10
lool,10
xp,10
roumaine,10
suprême,10
kel,10
dmoi,10
opérations,10
fameuse,10
brf,10
remplacent,10
jsu,10
libanais,10
vingtaine,10
uvres,10
aine,10
fatiguant,10
bouts,10
tata,10
vegas,10
systématiquement,10
économies,10
vibre,10
tradition,10
particulièrement,10
renoie,10
youpi,10
toc,10
réaliste,10
clochard,10
proliférer,10
azur,10
fosse,10
demandant,10
limportantfr,10
jveu,10
bonnet,10
promos,10
gar,10
possession,10
velib,10
marier,10
inter,10
sacre,10
chaotique,10
inutiles,10
hlel,10
historique,10
mondial,10
terpaca,10
salam,10
bracelet,10
coupée,10
retours,10
attendra,10
ouii,10
engager,10
courageux,10
galéré,10
intéressante,10
doublé,10
trolls,10
inepties,10
mel,10
convocation,10
gentiment,10
colmar,10
motive,10
interview,10
certificat,10
turc,10
togo,10
apprécié,10
débit,10
actif,10
coûts,10
touchent,10
degres,10
politiciens,10
oué,10
thionville,10
changera,10
gratter,10
ronfle,10
mlp,10
tuviensdeparissi,10
contraintes,10
préférez,10
désespoir,10
rock,10
potentiellement,10
percute,10
casier,10
selfies,10
villeurbanne,10
supporteurs,10
décès,10
cogne,10
bâtards,10
déménager,10
gérer..,10
part-dieu,10
portait,10
id,10
stockholm,10
bondy,10
arrache,10
cologne,10
calculs,10
pape,10
entretenir,10
déplace,10
impressionnant,10
goûter,10
panamapapers,10
épuisée,10
grandir,10
outrée,10
lobs,10
candidature,10
due,10
tenait,10
dragon,10
amusant,10
gâcher,10
faîtes,10
épuisé,10
ptain,10
rive,10
indépendance,10
proteste,10
saint-lazare,10
escalator,10
algériens,10
tech,10
redoute,10
collection,10
tacler,10
tee,10
conduis,10
dégueu,10
opportunité,10
megaupload,10
diffusé,10
noté,10
rapporte,10
dent,10
joint,10
poke,10
ressemblent,10
deuil,10
reveil,10
renvoyer,10
mentions,10
oki,10
pure,10
dépêche,10
j.,10
oreiller,10
arènes,10
vomit,10
terminale,10
champagne,10
marco,10
oulala,10
prod,10
manu,10
trashtalkfr,10
alep,10
slip,10
asso,10
incompétent,10
réactivité,10
liens,10
cartons,10
bougez,10
nba,10
slasherfun,10
puy,10
after,10
reproche,10
dé,10
pointes,10
ardoines,10
accessoirement,10
letour,10
massacre,10
fh,10
fouille,10
alentours,10
location,10
scoop,10
devienne,10
intégrale,10
freins,10
imbécile,10
pleuvoir,10
idk,10
êtres,10
tumblr,10
gym,10
idole,10
deter,10
afterrmc,10
playstation,9
profond,9
kante,9
renseignements,9
distribuer,9
cycliste,9
td,9
gants,9
gilbertcollard,9
derby,9
professionnalisme,9
enfait,9
gouvernementfr,9
dégoûtée,9
photographe,9
financier,9
convaincu,9
fait-il,9
affichéevantée,9
perrierau,9
benzène,9
efficaces,9
coins,9
jrs,9
bon..,9
comte,9
récupérer..,9
morpion,9
aborder,9
absurde,9
fermez,9
conf,9
passi,9
punk,9
ehh,9
pm,9
institutions,9
opérateur,9
parce-que,9
chiants,9
sncfdigital,9
dignité,9
mélenchon,9
lepen,9
brûlé,9
expliq,9
hypocrisie,9
télétravail,9
plié,9
marc,9
snif,9
cogner,9
gérard,9
nuque,9
niaiser,9
spa,9
stationnement,9
aidera,9
halte,9
weed,9
algerie,9
branler,9
mentionner,9
tank,9
perf,9
laon,9
complexes,9
pierres,9
aubagne,9
affligeant,9
vine,9
tapes,9
identifier,9
soulé,9
fainéants,9
migrant,9
implique,9
titulaire,9
pointer,9
madou,9
supérieur,9
pg,9
péage,9
auvergne,9
momo,9
motivée,9
débattre,9
adam,9
facteurs,9
caractères,9
verbe,9
adorable,9
klaxon,9
américaine,9
résistance,9
stades,9
prié,9
habits,9
forceur,9
drôles,9
etl,9
éteint,9
kabila,9
transit,9
jlm,9
mood,9
pouvoirs,9
dégager,9
abandon,9
mediapart,9
graphique,9
câbles,9
oubliée,9
battus,9
spam,9
sieges,9
esprits,9
stoppé,9
bouffé,9
gp,9
goutte,9
agglomération,9
-h,9
dark,9
plages,9
rd,9
trouvera,9
fixait,9
france-allemagne,9
inexistant,9
abeilles,9
modèles,9
préfères,9
leader,9
tracteur,9
fachos,9
estrosi,9
baissé,9
détourné,9
terrains,9
vt,9
mona,9
barbu,9
condamnés,9
klaxonné,9
pourvoir,9
robot,9
voyous,9
graves,9
réouverture,9
suivie,9
génies,9
poissondavril,9
stoppe,9
marquinhos,9
feraient,9
diff,9
vibrer,9
exo,9
posez,9
cpe,9
osent,9
simples,9
ponts,9
gratuites,9
commerçants,9
célibataire,9
natation,9
galoche,9
suppr,9
répercussion,9
pétards,9
échoué,9
justificatif,9
zizou,9
gang,9
ressens,9
popularité,9
indifférence,9
blé,9
exam,9
maps,9
perpignan,9
fichés,9
poison,9
jvs,9
vrmnt,9
aïd,9
crevé,9
jl,9
boutons,9
saluer,9
icloud,9
neuilly,9
intense,9
food,9
endormais,9
détours,9
ff,9
philippe,9
accusé,9
sécher,9
promène,9
processeur,9
transporte,9
travaillé,9
deauville,9
salariale,9
existent,9
pédales,9
rtcquebec,9
périscope,9
tag,9
gave,9
audience,9
random,9
évolue,9
emporte,9
vakarm,9
obligations,9
portent,9
puants,9
coincés,9
transferts,9
salarié,9
sucre,9
embêter,9
diront,9
personnelle,9
échecs,9
circulations,9
dep,9
trailer,9
arrêtée,9
descendais,9
salement,9
divia,9
emmené,9
libère,9
autorise,9
rapproche,9
prévois,9
enjambe,9
kil,9
ii,9
rvshark,9
indépendant,9
aid,9
médailles,9
hardcore,9
libertés,9
rigolent,9
représentation,9
sonores,9
fatigués,9
thierry,9
paperasse,9
jcomprend,9
glisser,9
attaquent,9
kanté,9
nathan,9
talon,9
justinfolignej,9
noires,9
essentiel,9
aléatoire,9
see,9
printemps,9
vont-ils,9
simon,9
observer,9
ironie,9
elao,9
gignac,9
mannequin,9
officiellement,9
jsavais,9
froide,9
gréviste,9
fonctionner,9
imfc,9
missions,9
locales,9
baskets,9
solidaire,9
immonde,9
dubaï,9
ebillet,9
supportent,9
nôtres,9
sara,9
mercatom,9
démo,9
mérites,9
tâche,9
lia,9
lan,9
diminue,9
paires,9
yt,9
options,9
stylo,9
égoïste,9
apk,9
acceptent,9
lesquelles,9
indigne,9
king,9
enregistrement,9
vazy,9
devrai,9
gâche,9
rééducation,9
licence,9
traquer,9
prévoyez,9
dhab,9
montez,9
hitler,9
cgtcheminots,9
blessures,9
jrigole,9
saisons,9
dinguerie,9
redonner,9
toz,9
aubervilliers,9
lemans,9
ennemis,9
confiant,9
sacrée,9
vannes,9
caisses,9
growingupwithglasses,9
livré,9
enchaîne,9
hype,9
chienne,9
automate,9
concernée,9
anglaise,9
paces,9
cuisse,9
fight,9
roms,9
univers,9
bonbon,9
cie,9
mettons,9
délit,9
chantage,9
chiante,9
demi-heure,9
débrouiller,9
élan,9
megabus,9
atlético,9
clown,9
mérité,9
réjouir,9
férié,9
attaqué,9
visa,9
sky,9
foutue,9
passerai,9
connaisse,9
débats,9
saoul,9
nain,9
choisit,9
posté,9
cergy-le-haut,9
regrets,9
autriche,9
rtlinfo,9
luc,9
passais,9
annuel,9
adhérents,9
persan,9
barrières,9
destiné,9
récup,9
jimin,9
rond-point,9
insiste,9
conv,9
win,9
vincent,9
pirater,9
loue,9
waw,9
chemins,9
poireauter,9
fantôme,9
souri,9
orleans,9
secrétaire,9
-c,9
podium,9
monstres,9
redis,9
remette,9
mdddr,9
correspond,9
mixité,9
boris,9
vierge,9
planté,9
investissements,9
attendons,9
taquet,9
cruel,9
autorisé,9
hôtels,9
photoshop,9
mâchoire,9
rungis,9
camps,9
criminel,9
soi-même,9
recommence,9
clef,9
jmange,9
vieu,9
remporte,9
vélib,9
paumés,9
maîtres,9
résumer,9
basé,9
effectue,9
réception,9
tain,9
publier,9
transportant,9
souche,9
richard,9
occasions,9
là..,9
anaïs,9
gos,9
pneus,9
repère,9
supermarché,9
emplacement,9
mo,9
esplanade,9
britannique,9
galaxy,9
triple,9
plaiz,9
anges,9
argument,9
vérifie,9
diminuer,9
pokestop,9
romain,9
kk,9
faciliter,9
occupés,9
désir,9
entouré,9
interdite,9
â,9
rassurant,9
jolies,9
parapluie,9
bep,9
livreur,9
aimerait,9
scolarité,9
propositions,9
lesoir,9
riz,9
deviner,9
çà,9
seb,9
enfoirés,9
attrape,9
angoisses,9
vomis,9
reseau,9
savnumericable,9
mtl,9
arretez,9
référendum,9
paris-bordeaux,9
ec,9
suspens,9
js,9
ravi,9
blocus,9
mix,9
affichent,9
frager,9
cha,9
trottoirs,9
fleur,9
anomalie,9
irak,9
appuyé,9
portos,9
recup,9
pressing,9
virgintonicoff,9
plafond,9
javel,9
fouillé,9
mariée,9
problemes,9
bip,9
way,9
gèrent,9
déclaration,9
w.nicovideo.jpuservideo,9
jsai,9
obstacle,9
attentes,9
squat,9
lesanges,9
low,9
yvetot,9
sautent,9
animation,9
dallas,9
washington,9
retient,9
pauline,9
souhait,9
courru,9
lang,9
épouse,9
talheur,9
marrer,9
animé,9
bites,9
fan-zone,9
doué,9
repeindre,9
instructions,9
peuv,9
bustrain,9
sexiste,9
saloperie,9
lunette,9
glisse,9
libanaise,9
occupation,9
souffert,8
pourries,8
saint-quentin,8
contrats,8
teamol,8
aurier,8
utiles,8
expliqué,8
sisi,8
gows,8
fretsncf,8
congé,8
saturé,8
taffe,8
internationale,8
sch,8
descende,8
damso,8
foch,8
ai-je,8
détriment,8
logiciels,8
cafés,8
jcours,8
vip,8
repartie,8
feq,8
mené,8
kiosques,8
dévoile,8
limiter,8
raser,8
frotte,8
méthodes,8
la..,8
tableaux,8
intermodalite,8
cpi,8
confondu,8
rémunérée,8
électiongénérer,8
rmc,8
qualifié,8
conduisent,8
réduite,8
doubles,8
mcipsg,8
inès,8
dirigeant,8
education,8
démarrage,8
fnofficiel,8
caméras,8
ninja,8
dégagement,8
tarder,8
bfmfoot,8
violette,8
gendarmes,8
militant,8
adoption,8
lattre,8
tassigny,8
ô,8
fasses,8
qi,8
labo,8
crayon,8
maghrébins,8
collaborateurs,8
zapper,8
mentalement,8
chaines,8
filtres,8
tartinex,8
stressé,8
esclavage,8
préfet,8
enjaille,8
nus,8
vents,8
impératif,8
rapides,8
prestation,8
formule,8
prepa,8
chewing-gum,8
contacté,8
activer,8
osef,8
serge,8
croisez,8
voyages-sncf,8
mettis,8
fine,8
xavier,8
massif,8
culturel,8
allés,8
medef,8
ouvriers,8
tais,8
copies,8
cyclables,8
brie,8
dawa,8
blablacarfr,8
hin,8
embaucher,8
délivrance,8
surprises,8
sportifs,8
hebdo,8
abidjan,8
homophobe,8
blindée,8
entourée,8
why,8
brassard,8
croisés,8
contrôleuse,8
surprenant,8
l.,8
créneau,8
candy,8
externe,8
suspense,8
danielriolo,8
bouffonne,8
soul,8
bis,8
davidlpokemon,8
glissé,8
fiesta,8
repensant,8
fraudé,8
comptent,8
danslebusyatoujours,8
bêtises,8
fassiez,8
ptete,8
unsa,8
tcllyon,8
amabilité,8
guise,8
rétabli,8
téléphones,8
télécharge,8
tirage,8
pas-,8
nevers,8
développe,8
ahahaha,8
rase,8
maeva,8
importantes,8
révisé,8
fanny,8
cava,8
be,8
arbitrage,8
dégoute,8
buter,8
unesco,8
blond,8
hot,8
estomac,8
assisté,8
classiques,8
expres,8
fumigènes,8
home,8
subventions,8
pénis,8
mdrrrr,8
signalement,8
trudeau,8
claude,8
mentale,8
rapp,8
section,8
pbeyssac,8
esbly,8
provoqué,8
origines,8
harceler,8
london,8
mêler,8
emmanuelteboul,8
partt,8
usain,8
never,8
tmtc,8
gel,8
narines,8
nièce,8
tasse,8
bob,8
daccord,8
sd,8
jpourrais,8
jean-luc,8
rami,8
juif,8
merkel,8
guerres,8
charte,8
sème,8
étapes,8
prévues,8
approcher,8
claqué,8
rhône-alpes,8
jleur,8
toilette,8
coupés,8
survenu,8
détendre,8
bonhomme,8
fesait,8
soumission,8
fur,8
anormal,8
cassés,8
parlementaire,8
jdehornoy,8
diffuse,8
party,8
miracles,8
rentabilité,8
kilos,8
critère,8
meylody,8
sochaux,8
reconstruire,8
modifié,8
lmum,8
hess,8
accuser,8
reconnaît,8
pelles,8
horraires,8
coude,8
bourg,8
indiquent,8
eco,8
korben,8
alliés,8
exclusif,8
btilloy,8
mister,8
reprises,8
équipements,8
souffler,8
contribuables,8
autocar,8
homo,8
mashallah,8
fluide,8
restau,8
lesbienne,8
papillon,8
parcontre,8
accessibilité,8
confondre,8
craqué,8
même..,8
reveille,8
ameldjzr,8
aidez-les,8
stlazare,8
couché,8
affreux,8
thalysfr,8
votent,8
shavinzcs,8
fiction,8
censure,8
édition,8
assumé,8
râlent,8
slt,8
brogerpetit,8
pascalpraud,8
véto,8
pensez-vous,8
bruler,8
resultat,8
khomri,8
mozart,8
prélèvement,8
apprenne,8
inde,8
ig,8
truquer,8
lcp,8
excusez-moi,8
arf,8
avertir,8
territoires,8
matt,8
héritier,8
confié,8
invasion,8
pulsions,8
saisir,8
chambéry,8
ibra,8
ukip,8
braderie,8
handicap,8
dépassent,8
heure-ci,8
troop,8
money,8
admins,8
écurant,8
idiote,8
tracer,8
gilles,8
fichu,8
sonner,8
ment,8
considéré,8
amené,8
indication,8
raffineries,8
prioritaire,8
jpensais,8
brune,8
peint,8
yann,8
escorte,8
parvient,8
retenue,8
rhône,8
consultez,8
parisiennes,8
jeannot,8
fraudent,8
jprefere,8
viendrais,8
commune,8
chèvre,8
lolo,8
lavez,8
rabat,8
dons,8
tailles,8
manette,8
profonde,8
inauguration,8
surveiller,8
applis,8
chanceux,8
update,8
pommé,8
jep,8
guider,8
cohérence,8
réputation,8
malheureux,8
mfaire,8
chloe,8
telephone,8
bangkok,8
laure,8
favorable,8
poésie,8
soins,8
maïs,8
cévenol,8
ginko,8
at,8
activé,8
lea,8
saviez-vous,8
guêpe,8
school,8
injustice,8
techniquement,8
pou,8
brancher,8
cinquantaine,8
humm,8
mercredis,8
soudain,8
pensées,8
bienvenu,8
voltaire,8
voyagessncfbp,8
planque,8
mettaient,8
décrocher,8
tentez,8
clic,8
lisez,8
étampes,8
déménagé,8
essayerai,8
intelligents,8
suisses,8
applaudir,8
choquant,8
alr,8
elysee,8
domaines,8
quelconque,8
féministe,8
supériorité,8
clapping,8
barbus,8
vasi,8
injures,8
sereinement,8
olympiques,8
depend,8
fracture,8
partance,8
gueulé,8
cirque,8
zoulette,8
reins,8
cup,8
must,8
flotte,8
taratp,8
avarie,8
brisé,8
peloton,8
hôpitaux,8
kon,8
projection,8
tissu,8
chambres,8
malédiction,8
former,8
occident,8
tacle,8
lancement,8
suffirait,8
henri,8
polmtl,8
niker,8
psychopathe,8
meres,8
régulation,8
tc,8
immédiatement,8
internes,8
modernité,8
ololo,8
fai,8
terminée,8
secte,8
lvl,8
dépendre,8
gro,8
innocents,8
éphémère,8
notifications,8
cadencement,8
allumer,8
dmon,8
restés,8
desservant,8
douter,8
.les,8
commérer,8
marqueemployeur,8
soccer,8
hôtellerie,8
fournir,8
balancent,8
venger,8
tâches,8
fréquent,8
décoller,8
ouen,8
ghosn,8
labrune,8
perturber,8
bouches,8
applaudit,8
nostalgie,8
aubrais,8
péripéties,8
salles,8
ambassade,8
menacé,8
proprio,8
lauren,8
exposition,8
line,8
chalon,8
sn,8
dégâts,8
renversé,8
arrêtons,8
pride,8
détresse,8
directions,8
renvoyé,8
tourné,8
claires,8
néanmoins,8
normales,8
jpaye,8
huile,8
infra,8
refais,8
accélération,8
redémarre,8
enfermée,8
chantilly,8
déguisé,8
bagneux,8
cyril,8
détenus,8
glr,8
publié,8
ambiancé,8
poignardé,8
ptitelias,8
renault,8
rémunération,8
margaux,8
formations,8
pèse,8
camper,8
herbe,8
professionnels,8
tatouage,8
soûler,8
belfort,8
galerie,8
gardez,8
neufs,8
emmene,8
boloss,8
selena,8
mythe,8
saigner,8
confond,8
justine,8
croissants,8
servez,8
pertinence,8
accueillir,8
augmentent,8
troupe,8
vire,8
aimable,8
urine,8
grillé,8
technologies,8
habituels,8
portail,8
foutagedegueule,8
lacher,8
dimension,8
frontières,8
basse,8
habillée,8
fontainebleau,8
autorité,8
préparés,8
lisa,8
siffler,8
asiatique,8
contours,8
piercing,8
burundi,8
mômes,8
ministres,8
lazio,8
subi,8
faillite,8
tranquillou,8
velizy,8
mangez,8
évidence,8
fab,8
distributeurs,8
sqy,8
dvt,8
menteur,8
entrepreneurs,8
explosifs,8
violon,8
euuh,8
motos,8
programmé,8
dvd,8
copa,8
immunité,8
armé,8
vidé,8
matinale,8
entendent,8
muscles,8
islamiste,8
bisounours,8
misterfoxapp,8
racontent,8
phases,8
considèrer,8
méritez,8
israel,8
cherchant,8
teamomofficiel,8
réjouis,8
coupent,8
sandales,8
fonce,8
commando,8
sacrés,8
nudes,8
temp,8
couette,8
ouvrant,8
ligneslaj,8
sprinter,8
hmm,8
serviette,8
dispute,8
tits,8
phénomène,8
clavier,8
perm,8
foutait,8
gaulois,8
sortira,8
leads,8
gna,8
just,8
associations,8
lourdes,8
vivez,8
prennes,8
finaleeuro,8
vac,8
infographie,8
représentant,8
akbar,8
v.,8
républicains,8
inquiet,8
discuté,8
bieber,8
tiers,8
faisons,8
justesse,8
menti,8
saviez,8
joey,8
toutefois,8
ferez,8
poing,8
gentillement,8
bises,8
démagogie,8
bourges,8
crottes,8
pokéstop,8
jsens,8
anciennes,8
mvt,8
invalides,8
jdoit,8
rv,8
sté,8
transporteur,8
pets,8
trainen,8
stigmati,8
entraîne,8
arg,8
oubli,8
crasseux,8
syriens,8
forcée,8
creuser,8
namur,8
déroulement,8
lacrim,8
savons,8
notifs,8
hamas,8