bus,19486
les,11038
a,10044
pas,9743
.,9103
!,6154
sncf,6146
?,5867
:,5221
métro,4514
...,3890
rer,2906
ça,2894
plus,2792
train,2512
quand,2237
fait,2219
tout,1928
ele,1834
faire,1819
prendre,1816
mdr,1815
ils,1814
ne,1767
si,1754
n,1530
gens,1464
retard,1436
va,1434
aler,1357
come,1293
trop,1213
bien,1206
paris,1195
rt,1158
vais,1144
gare,1132
arêt,1088
-,1081
ratp,1020
après,996
matin,970
être,966
alors,955
merci,938
heure,935
ligne,926
fois,892
donc,880
là,872
bon,867
avoir,850
dit,846
grève,834
2,824
chez,821
non,801
mec,798
1,796
tous,789
france,789
chaufeur,783
encore,776
temps,772
déjà,770
demain,749
ya,747
o,737
vu,732
quoi,705
voir,704
monde,704
trains,701
pase,690
faut,668
gars,661
place,654
coup,639
rien,638
sans,630
entre,616
côté,612
juste,609
vie,595
avant,590
ausi,584
ca,584
trafic,584
minutes,581
carte,569
toujours,561
arive,558
jour,556
cause,554
parce,554
prend,552
putain,549
cete,549
merde,548
pris,543
ptdr,541
coment,533
devant,527
jamais,526
soir,521
3,520
jusqu,518
pr,512
dire,510
ptn,506
min,506
ds,502
bonjour,496
fais,492
sais,487
rentrer,483
peu,478
meuf,476
genre,473
depuis,459
viens,453
voiture,453
navigo,451
paser,450
tgv,448
envie,440
oui,439
jsuis,436
vois,434
journée,430
moins,429
pourquoi,425
vraiment,424
deux,424
peut,409
ah,407
metre,404
dois,401
autre,399
contre,394
vers,391
prends,389
partir,387
trajet,386
peux,382
atendre,379
10,375
b,375
vile,374
toute,370
dis,367
vient,366
car,366
nuit,365
persone,365
hier,365
direction,363
jours,362
qd,360
cours,360
5,356
telement,353
retour,352
mal,349
ariver,347
contrôleur,346
puis,343
ans,338
pendant,338
match,333
moment,330
bah,329
route,325
mort,324
bilet,323
vont,322
sous,321
horaires,319
30,316
grave,315
mère,308
veux,307
1h,307
gros,304
g,302
font,301
tram,300
euro,299
très,298
;,296
part,294
départ,293
20,290
pane,288
station,287
parle,286
avance,283
crois,282
bone,281
rerb,279
hui,278
sinon,277
aujourd,277
bleus,277
pcq,275
seul,275
lyon,273
petit,273
ticket,271
pire,270
fin,267
service,267
demande,264
file,259
reraratp,259
chaque,256
quai,256
aime,255
payer,255
sens,255
15,253
pied,252
truc,252
chaud,249
4,248
maintenant,247
gueule,246
semaine,246
lieu,245
heures,245
cas,245
vrai,244
euro2016,244
lignes,243
met,243
tête,242
face,241
récupérer,240
pasé,239
alez,238
problème,236
mis,234
arête,232
mieux,231
équipe,231
veut,227
toutes,227
musique,227
frapor,227
ter,225
pense,225
leurs,225
..,224
fond,223
rercsncf,223
prix,223
tramway,223
porte,220
sortir,220
espère,219
2016,219
fleme,218
st,217
ok,217
travail,217
mois,217
reste,215
conducteur,215
finale,215
quel,214
normal,214
ceux,213
monter,213
plein,213
suite,212
comence,211
12,211
transports,210
seule,209
mare,208
vacances,207
marche,207
doit,207
stations,205
celui,205
victoire,205
lycée,204
anonce,203
svp,202
meme,200
posible,199
dès,198
super,197
travaux,197
vite,196
vieux,196
fdp,195
dimanche,195
compte,195
rentre,195
rater,194
regarde,193
dernier,192
chaufeurs,191
peur,190
atend,189
interompu,189
autres,188
ouais,187
fou,186
voyage,186
ni,186
gérer,185
vs,184
persones,184
sac,184
savoir,183
bilets,183
grand,181
beau,181
lundi,180
voie,180
sortie,179
clim,179
dernière,179
marseile,178
bac,178
site,177
col,177
anée,176
renes,176
regarder,176
pote,175
direct,175
grose,174
nord,174
arêter,173
atends,173
grèves,173
rail,172
lol,171
tour,170
parler,170
français,170
dormir,167
permis,167
quelqu,166
acident,166
rue,166
arivé,166
taper,166
loin,166
réseau,166
2h,166
courir,165
ici,165
bjr,165
chercher,165
transport,164
bordel,164
info,164
devoir,163
surtout,163
pu,163
petite,163
rerdsncf,162
bloqué,162
heureusement,162
aret,161
con,161
venir,161
oh,160
grouperatp,159
e,158
raison,157
sauf,157
jme,157
mecs,157
point,157
besoin,156
fort,156
chier,155
derière,155
jvais,155
quele,153
hein,153
qml,153
wifi,152
ensemble,152
aucun,152
wsh,152
arêts,151
oublié,149
tôt,149
bande,149
pieds,149
deja,149
rera,149
parti,148
louper,148
6,147
cet,147
40,146
perdu,146
enfin,145
vas,145
asez,144
apres,144
écouteurs,143
rire,143
places,143
long,143
arivée,143
mn,142
monte,142
près,142
marcher,141
pouvoir,141
trouve,141
photo,141
incident,141
stade,141
descendre,140
bout,139
voit,139
50,139
cher,139
eles,139
nan,138
avion,138
voyageur,138
couiles,137
chance,137
beaucoup,137
lever,136
done,136
jai,136
1er,136
première,135
honte,135
bas,135
8h,134
retards,134
nouvele,134
8,133
adore,133
desus,133
voies,132
mode,132
pute,132
chose,132
prévu,132
aucune,132
trouver,132
vélo,132
vendredi,131
raté,131
prochain,131
père,131
contrôleurs,130
prenent,130
clase,130
lile,130
soirée,129
7,129
ouf,127
rame,127
droit,127
acheter,127
portes,126
conais,126
case,124
euros,124
fils,124
changer,124
europe,124
go,124
air,123
dame,123
h,123
sécurité,123
blague,123
pays,123
circulation,122
est-ce,122
eh,122
partout,122
gares,122
prêt,122
autant,121
p,120
nouveau,120
parisien,120
acord,120
faites,120
fral,120
atente,119
dedans,118
samedi,118
asise,118
pue,118
7h,118
demander,118
feu,118
sort,117
rendre,117
vue,117
voyageurs,117
tard,117
tape,117
tomber,116
cgt,116
partie,116
juilet,116
sale,115
téléphone,115
3h,115
enfants,115
dirait,114
cul,114
infos,114
main,114
histoire,113
suporters,113
question,113
bravo,113
suprimé,113
feme,113
jeune,112
metent,112
reresncf,112
bele,112
etait,112
terminus,111
fini,111
maison,111
retrouver,111
cest,111
police,111
impresion,111
yeux,110
galère,110
début,110
boulot,110
loupé,109
1h30,109
bord,109
portugal,109
premier,108
reprise,108
soleil,108
paye,108
toulouse,108
problèmes,107
sait,107
chemin,107
final,107
jouer,107
bizare,107
debout,107
rester,107
sud,107
laise,107
pasent,106
jeudi,106
doner,106
vidéo,106
bientôt,105
jv,105
sympa,105
rentrée,105
asis,104
pb,104
usagers,104
milieu,104
metro,104
9h,104
puent,104
voulais,104
vpecrese,104
pouvez,104
agents,103
morte,103
dû,103
centre,102
sors,102
sent,102
13,102
portugais,102
voilà,101
frère,101
bonsoir,101
tel,101
home,101
eau,101
cela,100
prévoir,100
sorti,100
xd,100
i,100
mourir,100
faisait,100
25,99
lignejsncf,99
roule,99
mtn,98
seulement,98
campagne,98
colis,98
compris,98
midi,98
infotrafic,98
rouen,98
wagon,97
sérieux,97
arêté,97
6h,97
peine,97
twiter,97
idée,97
pointe,97
10h,96
pasage,96
veulent,96
taf,96
cru,96
combien,95
mere,94
odeur,94
londres,94
rate,94
nez,93
moyen,93
ct,93
niveau,93
perdre,93
meufs,92
pasagers,92
sûr,91
js,91
manque,91
nom,91
fot,91
malaise,91
22,91
froid,90
manger,90
chaleur,90
ensuite,90
nantes,90
mat,90
grande,90
apli,90
--,89
argent,89
alais,89
laiser,89
atendant,89
9,88
habite,88
potes,88
lève,88
etre,88
fac,88
gt,88
dehors,87
tjrs,87
gagner,87
10min,87
finir,87
vide,86
x,86
projet,86
tombe,86
lignelsncf,86
écouter,86
plutôt,85
aéroport,85
saint,85
apele,85
pq,84
top,84
faite,84
école,84
devais,84
taxi,84
mardi,84
faili,84
croiser,84
avril,84
voitures,84
jsp,83
14,83
limite,83
etc,83
euh,83
franchement,83
importe,82
habitude,82
lire,82
bordeaux,82
mauvais,82
voulait,82
presque,82
tickets,82
pleurer,81
région,81
cele,81
cons,81
tant,81
numéro,81
photos,81
courant,81
bc,81
matins,81
change,81
euro2016final,81
type,80
demandé,80
japan,80
mercredi,80
prochaine,80
comprends,80
stif,80
ouibus,80
fra,80
alait,79
cheveux,79
réponse,79
rails,79
croisé,79
pub,79
ben,79
20min,79
rouge,79
coté,78
ralenti,78
prise,78
perturbé,78
devait,78
rdv,78
chiant,78
bref,77
juin,77
écoute,77
4h,77
vienent,77
30min,77
base,76
transilien,76
100,76
bondé,76
trucs,76
vitre,76
lit,76
stop,76
entrain,75
couple,75
croise,75
suspect,75
venu,75
scolaire,75
oublier,75
r,75
tere,75
grâce,75
pdt,75
fanzone,75
voix,74
zone,74
plaisir,74
cergy,74
faute,74
bcp,74
obligé,74
nouveles,74
pluie,74
certains,74
actuelement,74
cheminots,73
18h,73
signalisation,73
voulu,73
trois,73
mesage,73
pk,73
pleins,73
joueurs,73
penser,73
monsieur,73
5h,73
gênant,73
plan,72
trouvé,72
valise,72
haut,72
espérer,72
jviens,72
expo,72
vive,72
quelques,72
parlent,72
hôtel,72
couru,72
dites,72
rouler,72
fête,72
sert,71
croire,71
ps,71
lignepsncf,71
sport,71
finalement,70
destination,70
wesh,70
remboursement,70
45,70
files,70
pont,70
jcrois,70
loi,70
impériale,70
normalement,70
génial,70
blindé,69
rentré,69
chelou,69
drôle,69
semaines,69
tombé,69
imposible,69
jui,69
fenêtre,69
anulé,69
dieu,69
siège,69
selon,69
wek-end,69
vieile,68
joue,68
prof,68
regard,68
clientsratp,68
demi,67
continue,67
retrouve,67
abonement,67
contrôle,67
calme,67
gratuit,67
reprendre,67
peuvent,67
nice,67
petits,66
soeur,66
12h,66
corespondance,66
aileurs,66
mets,66
faudrait,66
jdois,66
twet,65
grv,65
état,65
parents,65
soucis,65
écrit,65
pars,65
rerc,65
prenez,65
rapele,65
conducteurs,64
galérer,64
façon,64
1ère,64
propose,64
meileur,64
amende,64
alemagne,64
choses,63
ambiance,63
aider,63
comencer,63
concert,63
blanc,63
regardé,63
pck,63
cherche,63
gauche,63
coupe,63
foutre,63
bras,63
atendu,63
champion,63
boser,62
jeunes,62
minute,62
hyper,62
souvent,62
avc,62
itinéraire,62
v,62
dont,62
goses,62
savez,62
longtemps,61
val,61
mise,61
tiens,61
5min,61
préparer,61
pleine,61
code,61
champions,61
loupe,60
dur,60
payé,60
imagine,60
18,60
rejoindre,60
sosie,60
fermer,60
devrait,60
réusi,60
14h,60
montparnase,60
savent,60
impérial,60
travailer,60
courage,60
comprend,60
aseoir,60
mai,60
entendu,60
plage,60
bruxeles,59
ferme,59
17h,59
reprend,59
ofre,59
champs,59
uber,59
respect,59
dos,59
chien,59
descend,59
prene,59
fan,59
11,59
réveil,59
porfra,59
malgré,58
comprendre,58
réveiler,58
ajd,58
sourire,58
bouge,58
disent,58
incendie,58
pauvre,58
coucou,58
mange,58
fonctione,58
caser,58
ko,58
prit,57
choper,57
noir,57
arêtez,57
bébé,57
renoi,57
bouchons,57
agent,57
nation,57
jvois,57
risque,57
clients,57
vivement,57
aplication,57
anglais,57
ns,57
perturbations,56
autoroute,56
triste,56
flm,56
somes,56
seum,56
oklm,56
esayer,56
16,56
pareil,56
suivre,56
marché,56
fermé,56
nombre,56
circule,56
châtelet,56
pourais,56
an,56
rentrant,55
pensez,55
voyager,55
force,55
parlé,55
coter,55
moitié,55
pleut,55
horaire,55
omg,55
parcours,55
court,55
tranquile,55
pourtant,55
plusieurs,55
famile,55
résultats,55
revenir,54
morts,54
rend,54
gentil,54
sortant,54
malade,54
hâte,54
rerd,54
chanter,54
voulez,54
bfmtv,54
enfer,53
atention,53
horible,53
conduire,53
hasard,53
70,53
comencé,53
voyages,53
trajets,53
empêche,53
jp,52
éviter,52
mars,52
entends,52
autour,52
terminé,52
bare,52
décidé,52
conard,52
changement,52
ouvert,52
signe,52
toulon,52
déteste,52
rêve,52
gagne,52
jure,51
défense,51
préfère,51
entrée,51
simple,51
archi,51
choix,51
nouveaux,51
ptit,51
futur,51
mailot,51
rames,51
groupe,51
hey,51
concurence,51
août,51
metz,50
apel,50
jambes,50
endroit,50
suivant,50
quelque,50
jusque,50
atendais,50
comun,50
16h,50
sachant,50
enfant,50
femes,50
aile,50
oublie,50
parc,50
finis,49
envoyer,49
crier,49
yavait,49
maman,49
ms,49
0,49
nique,49
lors,49
15h,49
stp,49
envoie,49
faudra,49
domage,49
fr,49
arêtent,49
mouvement,49
anoncé,49
énorme,49
lignehsncf,49
psq,48
quais,48
bons,48
joie,48
mairie,48
fixe,48
pro,48
cm,48
tours,48
11h,48
anehidalgo,48
pokémon,48
bouche,48
trams,48
entreprise,48
vert,48
bouger,48
augmenter,48
esence,48
fermeture,48
19h,47
sièges,47
doné,47
atendent,47
alerte,47
prête,47
solution,47
public,47
colège,47
arivent,47
situation,47
guichet,47
f,47
vouloir,47
foutu,47
pa,47
peut-être,47
pourait,47
60,47
poisy,47
milions,47
avis,47
radio,46
pile,46
asoir,46
alée,46
degrés,46
retourner,46
pensais,46
compter,46
mauvaise,46
35,46
rues,46
endormir,46
21,46
juvisy,46
htps,46
etais,45
disant,45
existe,45
tete,45
frais,45
amis,45
dla,45
descendu,45
permet,45
faloir,45
q,45
anées,45
écrans,45
afichage,45
13h,45
ereur,45
but,45
suprimer,45
suporter,45
ouvre,45
video,45
drapeau,45
fase,44
lt,44
cone,44
haha,44
deuxième,44
bg,44
ex,44
droite,44
humeur,44
suicide,44
grévistes,44
15min,44
crient,44
jeu,44
charles,44
masy,44
edf,44
raconte,43
lazare,43
anonces,43
bruit,43
nul,43
aparement,43
ouvrir,43
petites,43
vilage,43
douche,43
métros,43
changé,43
exemple,43
portable,43
bloquée,43
instant,43
ts,43
haine,43
régulier,43
croit,43
pis,43
alemands,43
oficiel,43
monté,42
starbusmetro,42
20h,42
réserver,42
niquer,42
putes,42
gouvernement,42
noirs,42
film,42
emène,42
expliquer,42
pouvais,42
pleure,42
carément,42
entendre,42
environ,42
chui,42
coincé,42
falait,42
préparé,42
menace,42
prévenir,42
acheté,42
raport,42
copine,42
poste,41
groses,41
gestion,41
sûre,41
vendre,41
bleu,41
prenais,41
retourne,41
doivent,41
jeter,41
livre,41
rapel,41
news,41
explique,41
réduction,41
greve,41
tarif,41
km,41
odeurs,41
nantere,41
visite,41
pepy,41
préférer,41
ki,40
strasbourg,40
tjs,40
wtf,40
rempli,40
revoir,40
dormi,40
regardent,40
camion,40
presion,40
emener,40
propre,40
cltvoyagesncf,40
internet,40
conditions,40
capable,40
loitravail,40
taleur,40
parking,40
com,40
gagné,40
alcol,40
acès,40
wagons,40
bares,40
dir,40
alé,40
destinationeuro,40
chaufage,39
40min,39
meileure,39
sérieusement,39
forte,39
ouah,39
reçu,39
rigole,39
tjr,39
vitese,39
8h30,39
stibmivb,39
laisé,39
contente,39
resemble,39
ahah,39
migrants,39
réalité,39
daron,39
voici,39
rapide,39
baterie,39
moyens,39
bloquer,39
évidement,39
bar,39
tps,39
censé,39
feroviaire,39
montpelier,39
hors,39
chatelet,39
résultat,39
véhicules,39
seine,39
jul,38
course,38
17,38
walah,38
sms,38
tuer,38
tapé,38
doute,38
banlieue,38
dingue,38
aide,38
youtube,38
in,38
stage,38
compagnie,38
mail,38
vrmt,38
content,38
apelé,38
rembourser,38
refuse,38
ramener,38
aprendre,38
prévisions,38
minimum,38
repartir,38
fermée,38
balon,38
escaliers,38
salut,38
trompé,37
h24,37
alant,37
afiche,37
pouvait,37
client,37
mignon,37
fera,37
coeur,37
metez,37
jsais,37
syndicats,37
confiance,37
pose,37
intérêt,37
sprint,37
circuler,37
république,37
vente,37
répondre,37
bale,37
mot,37
vaut,37
parfois,37
chante,37
voila,37
bloqués,37
cdg,37
parisiens,37
poser,37
gaule,37
quartier,37
dort,37
sufit,37
vol,37
faisant,37
soirs,37
septembre,37
pokemongo,37
tombée,36
bouton,36
marqué,36
casé,36
personel,36
putains,36
cb,36
sentent,36
désolé,36
jprend,36
exprès,36
fous,36
fraude,36
cité,36
expres,36
image,36
société,36
seconde,36
manif,36
levé,36
porter,36
insultant,36
or,36
solo,36
continuer,36
venez,36
trou,36
austerlitz,36
lance,36
bol,36
envers,36
blanche,36
efet,36
suprimés,35
dors,35
mêmes,35
équipes,35
matériel,35
rusie,35
ci,35
entend,35
double,35
vis,35
parfait,35
faim,35
chaufeuse,35
travers,35
devient,35
excuse,35
aprem,35
justement,35
copain,35
enceinte,35
acélérer,35
bloque,35
.sncf,35
lien,35
clairement,35
période,35
titre,35
est-il,35
queue,35
26,35
utiliser,35
supresion,35
reseautan,35
23,34
vomir,34
taxis,34
souviens,34
pasait,34
tunel,34
chausures,34
itele,34
montée,34
système,34
prises,34
bus..,34
mères,34
touristes,34
important,34
remplacement,34
yen,34
coups,34
sartrouvile,34
pd,34
000,34
crever,34
conduit,34
fout,34
normale,34
traverser,34
esaie,34
6h30,34
information,34
paie,34
23h,34
cur,34
couloir,34
perd,34
pratique,34
mit,33
ouverture,33
cour,33
magnifique,33
doigts,33
couloirs,33
auber,33
sentir,33
arabe,33
faux,33
italie,33
pasée,33
snap,33
roulent,33
4g,33
hause,33
foule,33
ac,33
bonheur,33
abusé,33
9h30,33
pokemon,33
savais,33
actu,33
mien,33
papa,33
race,33
batard,33
gamins,33
askip,33
parfum,33
moscou,33
putin,33
tente,33
wah,33
poura,33
électrique,33
europe1,33
fer,33
complètement,33
tenir,33
19,33
22h,33
toit,33
réponds,33
obliger,32
iphone,32
oreiles,32
vraie,32
agresion,32
yavais,32
arière,32
suprime,32
travaile,32
viene,32
anoncer,32
devenir,32
insulter,32
bisous,32
après-midi,32
abonés,32
foutage,32
the,32
fatigue,32
fonction,32
psk,32
partent,32
trompe,32
sûrement,32
cartes,32
social,32
découvrir,32
wek,32
ile-de-france,32
lu,32
manifestation,32
voler,32
mangé,32
apeler,32
logique,32
substitution,32
pensé,32
visage,32
longue,32
cmt,32
rigoler,32
perdue,32
contrôler,32
dépôt,32
semble,32
300,32
frere,32
stres,32
fontenay,32
amour,32
puise,32
jean,32
atraper,32
facile,32
aimerais,32
ocasion,32
hugolgrnd,32
gamin,31
faisais,31
dijon,31
liberté,31
date,31
lequel,31
jolie,31
parlait,31
gose,31
prépare,31
michel,31
jsui,31
lourd,31
écran,31
montréal,31
clc,31
doigt,31
sujet,31
embrouile,31
termine,31
pouser,31
msk,31
jpense,31
technique,31
incroyable,31
maths,31
mini,31
dc,31
pilote,31
emploi,31
répond,31
relou,31
trql,31
24,31
ouverte,31
totalement,31
magique,31
loire,31
manquer,31
nsm,31
wi-fi,31
chef,31
quité,31
espaces,31
sang,30
quiter,30
sdf,30
descends,30
bose,30
barcelone,30
fixer,30
conectgares,30
agit,30
perso,30
we,30
proche,30
of,30
levée,30
chat,30
calais,30
moche,30
sec,30
ras,30
courses,30
déplacer,30
colégiens,30
pète,30
jeté,30
posé,30
lunetes,30
wa,30
mains,30
bouteile,30
créer,30
coin,30
piéton,30
autonomes,30
flics,30
reconduite,30
vla,29
rentrent,29
facebok,29
forcément,29
etat,29
7h30,29
aproche,29
rêvé,29
blesés,29
31,29
foi,29
bombe,29
programe,29
qn,29
nancy,29
bail,29
grandes,29
montrer,29
jlui,29
coincée,29
at,29
danser,29
papier,29
axe,29
qualité,29
couile,29
retrouvé,29
tlmt,29
mete,29
darone,29
tqt,29
obligée,29
recherche,29
noisy,29
suivi,29
époque,29
150,29
circulent,29
prévue,29
pause,29
chu,29
vdm,29
organisation,29
total,29
pécrese,29
grands,29
baise,29
repérer,29
bercy,29
srx,29
péter,29
holande,29
gueulent,29
pousete,29
idf,29
iot,29
amie,29
dificile,29
absolument,29
chine,29
tarifs,29
pf,28
asoit,28
conduite,28
endormi,28
vieiles,28
rencontre,28
veile,28
interdit,28
belgique,28
afin,28
conaisent,28
trotoir,28
recevoir,28
qun,28
comunication,28
sncb,28
navete,28
ouai,28
mer,28
20mn,28
corps,28
apart,28
routes,28
respecter,28
boire,28
lâche,28
clope,28
motif,28
vitres,28
aniversaire,28
chinois,28
énerve,28
tromper,28
ar,28
moto,28
jvous,28
vincenes,28
equipe,28
2h30,28
discute,28
augmente,28
atentats,28
vent,28
someil,28
boutique,28
évite,28
montre,28
madame,28
souhaite,28
remercie,28
marne,28
versailes,28
raisons,28
croyais,28
disait,28
retardé,28
télé,28
afrique,28
conaître,28
uefa,28
mobilité,28
envoyespecial,28
plans,27
strese,27
mamie,27
vrais,27
reviens,27
démare,27
bales,27
touche,27
jprends,27
ls,27
afiches,27
abri,27
avoue,27
unique,27
seuls,27
exactement,27
dispo,27
croyez,27
traficnormal,27
tranquilement,27
crush,27
espagne,27
marque,27
panique,27
dépose,27
jfais,27
entrer,27
machine,27
transpole,27
orange,27
garde,27
bu,27
robe,27
choqué,27
atentat,27
libre,27
bornes,27
21h,27
jpeux,27
île,27
esaye,27
questions,27
restent,27
34,27
mins,27
cote,27
dormais,27
port,27
sauter,27
dosier,27
transpi,27
jte,27
endormie,27
delaruejc,27
mesure,27
croient,27
vals,27
sncfvamtuer,27
inondations,27
contrat,27
défis,27
saint-denis,26
lendemain,26
failit,26
incidents,26
abris,26
chanson,26
café,26
scolaires,26
asurer,26
ouest,26
nationale,26
maire,26
dsl,26
sueur,26
conards,26
cole,26
extension,26
services,26
scandale,26
derniers,26
urgence,26
boufe,26
manqué,26
complet,26
création,26
esayé,26
garer,26
efectué,26
partiel,26
big,26
fumer,26
bateau,26
compensation,26
resté,26
cantine,26
voyant,26
pasant,26
80,26
paquet,26
manifestants,26
ntm,26
vivre,26
secondes,26
concours,26
toiletes,26
ataque,26
boure,26
lorsque,26
conaît,26
digitale,26
ose,26
enlever,26
indiqué,26
fraisl,26
parade,26
demandezaucm,26
lycéens,25
volant,25
confort,25
sol,25
bureaux,25
amène,25
dents,25
miliards,25
max,25
ramène,25
pousetes,25
viles,25
1ere,25
transpiration,25
disais,25
article,25
larmes,25
dns,25
crise,25
heureux,25
enft,25
voient,25
compliqué,25
gueuler,25
wow,25
acueil,25
bière,25
matchs,25
avantage,25
horeur,25
aise,25
darones,25
choquée,25
u,25
profiter,25
exploser,25
colègues,25
devrais,25
cst,25
roisy,25
club,25
tue,25
mr,25
décide,25
pique,25
termetzlux,25
actualité,25
bouré,25
danse,25
intérieur,25
tkt,25
fb,25
lâcher,25
prenant,25
partant,25
étape,25
foutez,25
indique,25
crue,25
alstom,25
japanexpo,25
fanzonetoureifel,25
mision,24
deg,24
laver,24
hab,24
chou,24
suporte,24
17h30,24
bastile,24
chambre,24
conseile,24
avenue,24
réel,24
enfaite,24
tourne,24
bae,24
bled,24
rendu,24
réveilé,24
fole,24
2010,24
art,24
politique,24
end,24
déposer,24
boucle,24
vélos,24
française,24
valée,24
note,24
rep,24
réviser,24
guere,24
pouri,24
conductrice,24
crs,24
également,24
franceinfo,24
deriere,24
transformation,24
macron,24
malheureusement,24
sortent,24
fliper,24
orly,24
montent,24
denis,24
réunion,24
tclsytral,24
remetre,24
léa,24
fotbal,24
comencent,24
melun,24
branche,24
arete,24
bois,23
paneau,23
rends,23
démarer,23
regardait,23
pise,23
borne,23
nouvel,23
nombreux,23
baiser,23
musiques,23
colo,23
tot,23
lancé,23
écraser,23
rendez,23
salariés,23
conseil,23
intercités,23
envoyé,23
1h15,23
5h30,23
ap,23
permetre,23
niquez,23
mcdo,23
journal,23
espace,23
concept,23
adrese,23
jrentre,23
insuportable,23
new,23
prenait,23
tres,23
mase,23
images,23
mention,23
pere,23
augmentation,23
uniquement,23
pompiers,23
perturbation,23
perturbe,23
hop,23
fraper,23
minuit,23
bite,23
couples,23
venue,23
poison,23
renome,23
libérer,23
diférence,23
dure,23
crève,23
ponctualité,23
clair,23
rap,23
rendez-vous,23
folie,23
privé,23
msg,23
informatique,23
bête,23
invite,23
abord,23
hé,23
arivait,23
ha,23
champ,23
bloquent,23
désormais,23
supresions,23
dan,23
helo,23
bfm,23
picardieter,23
délire,22
techniques,22
200,22
plaindre,22
identité,22
coûte,22
pasés,22
chantait,22
voudrais,22
foutent,22
points,22
aler-retour,22
atendez,22
geste,22
asume,22
neuf,22
idtgv,22
cars,22
75,22
33,22
arivera,22
hésite,22
via,22
changements,22
surprise,22
oral,22
short,22
utilisé,22
montant,22
secours,22
dirais,22
estimée,22
laisez,22
caen,22
ft,22
balade,22
réveile,22
ira,22
dépend,22
casque,22
habiter,22
peter,22
pensée,22
joué,22
valises,22
3e,22
jle,22
armés,22
hais,22
teroriste,22
entretien,22
idées,22
pitié,22
livres,22
fatigué,22
lgv,22
pardon,22
informations,22
no,22
panes,22
draguer,22
solidarité,22
jo,22
incompétence,22
nana,22
amiens,22
voyez,22
piere,22
climatisation,22
dete,22
amener,22
equipedefrance,22
refusé,22
su,22
ramadan,22
proposé,22
précédent,22
aimerai,22
imatriculé,22
financement,22
resultatsbac,22
fuck,21
drole,21
jlai,21
utile,21
tient,21
24h,21
finit,21
heureuse,21
help,21
sncfreseau,21
93,21
déplacements,21
suit,21
wekend,21
devenu,21
incapable,21
château,21
vérité,21
merdes,21
durant,21
av,21
ksos,21
lumière,21
explication,21
partis,21
jms,21
ke,21
ratraper,21
voisin,21
troisième,21
infrabel,21
découvrez,21
directement,21
dm,21
sexe,21
guilaume,21
paneaux,21
pubs,21
veste,21
arc,21
profs,21
insulte,21
afiché,21
spécial,21
venait,21
page,21
talons,21
détour,21
scène,21
2ème,21
plusdetrains,21
ainsi,21
couleur,21
pt,21
pases,21
prendrais,21
blagues,21
coler,21
certaines,21
amp,21
gamine,21
président,21
intervention,21
esprit,21
forme,21
devraient,21
sacs,21
manière,21
live,21
etes,21
mètres,21
tenter,21
data,21
partenaire,21
orléans,21
rere,21
blancs,21
t-shirt,21
2e,21
négociations,21
rebeu,21
kohlanta,21
métier,21
alemand,21
opérer,21
colé,21
contact,21
bacheliers,21
champione,21
alfra,21
mesures,20
apris,20
général,20
quite,20
donez,20
19h30,20
inverse,20
arives,20
banc,20
colègue,20
détail,20
justice,20
casez,20
5mn,20
prese,20
2eme,20
feses,20
trouvez,20
mans,20
to,20
dodo,20
18h30,20
so,20
defense,20
star,20
el,20
micro,20
twets,20
20h30,20
refaire,20
testé,20
urgent,20
prendra,20
peut-on,20
disposition,20
diférents,20
conait,20
réusir,20
otage,20
playlist,20
efort,20
parlais,20
areter,20
homes,20
horizon,20
réveilée,20
29,20
aficher,20
remonter,20
a-t-il,20
afaires,20
comercial,20
crie,20
aeroport,20
boîte,20
civil,20
love,20
hales,20
série,20
écoutais,20
leparisien,20
test,20
depart,20
lent,20
soule,20
honteux,20
90,20
fatiguée,20
grec,20
réservation,20
chesy,20
poise,20
tl,20
lâché,20
afluence,20
piser,20
controleur,20
beaux,20
calmes,20
tcl,20
prime,20
retrouvée,20
pouse,20
paca,20
salope,20
prcq,20
jveux,20
coupé,20
réclamation,20
efectivement,20
berlin,20
patron,20
pousé,20
pontoise,20
quasi,20
géants,20
tdf2016,20
por,20
triomphe,20
daesh,19
valide,19
genoux,19
jvoulais,19
aimer,19
jetait,19
marant,19
lignep,19
remarque,19
cosplay,19
chère,19
hésitez,19
rapeler,19
lrt,19
chiens,19
écris,19
puisque,19
yes,19
arivés,19
poubele,19
déposé,19
bretigny,19
noire,19
formation,19
cheval,19
boufer,19
présent,19
avenir,19
regardant,19
films,19
agence,19
preuve,19
parte,19
conu,19
eurostar,19
ferais,19
batre,19
gaz,19
comande,19
pauvres,19
nekfeu,19
souci,19
lbus,19
devinez,19
regardez,19
informer,19
préféré,19
croix,19
demandent,19
débat,19
digital,19
team,19
arivant,19
sf,19
interuption,19
28,19
secteur,19
meurs,19
couleurs,19
frape,19
journalistes,19
bones,19
asises,19
500,19
prison,19
initiative,19
tbc,19
simplement,19
ami,19
doux,19
empêcher,19
celes,19
frauder,19
fans,19
conaisez,19
caise,19
visiter,19
ligne1ratp,19
galèrer,19
dérange,19
découverte,19
lis,19
statione,19
gratuite,19
action,19
rigolé,19
terpacasncf,19
choisy,19
roi,19
coneries,19
acesible,19
deserte,19
améliorer,19
défaite,19
contacter,19
amande,19
havre,19
evra,19
voisins,19
marseilaise,19
fra.,19
truqué,19
psg,18
changent,18
monaie,18
embrouiles,18
sortis,18
javais,18
normandie,18
coût,18
ect,18
chute,18
montes,18
subir,18
complot,18
tv,18
vera,18
hugo,18
cimer,18
raconter,18
écrire,18
patienter,18
abandoné,18
version,18
stm,18
resemblait,18
piscine,18
bretagne,18
têtes,18
regardais,18
cadre,18
vasy,18
proposer,18
employés,18
lancer,18
sieste,18
profite,18
grandisez,18
revient,18
m6,18
tournée,18
game,18
enculer,18
ceci,18
oeil,18
prévoit,18
lyce,18
certain,18
greves,18
reconu,18
ordre,18
saute,18
30mn,18
deservi,18
luxembourg,18
repense,18
afaire,18
brûler,18
renois,18
pourai,18
noms,18
genant,18
jouent,18
étrange,18
chantier,18
escalier,18
imaginez,18
garder,18
distance,18
traverse,18
défaut,18
désolée,18
traiter,18
fil,18
corectement,18
conversation,18
pls,18
embouteilages,18
alongement,18
canes,18
reparti,18
ultra,18
85,18
sorte,18
fréquence,18
responsable,18
polution,18
repris,18
estime,18
regulier,18
anuler,18
oubliez,18
15h30,18
anciene,18
lignej,18
:3,18
parischartres,18
fermées,18
arabes,18
chacun,18
navetes,18
sache,18
préfecture,18
peau,18
quotidien,18
pte,18
tomektr,18
descendent,18
deschamps,18
université,18
clés,17
bof,17
t-il,17
dédomagement,17
ocuper,17
parles,17
style,17
hal,17
réaliser,17
visiblement,17
quasiment,17
sarah,17
lieux,17
98,17
voyagesncfcom,17
probleme,17
trompée,17
algérie,17
cacher,17
rio,17
jeunese,17
utilise,17
souris,17
tante,17
angers,17
oua,17
laquele,17
blesé,17
histoires,17
bye,17
droits,17
tg,17
ba,17
thé,17
âge,17
ile,17
irais,17
91,17
tf1,17
agréable,17
gratuitement,17
ducoup,17
ancien,17
gueules,17
déplacement,17
up,17
victime,17
vole,17
bat,17
signaler,17
terminer,17
galères,17
qlq,17
barbe,17
3h30,17
blc,17
co,17
jete,17
fenêtres,17
olala,17
disponible,17
aiment,17
limoges,17
pantalon,17
bienvenue,17
longs,17
poche,17
manifs,17
inconu,17
vend,17
casos,17
12h30,17
roumains,17
prendrai,17
14h30,17
aras,17
saison,17
réseaux,17
arbre,17
tourner,17
album,17
cou,17
capter,17
restée,17
cris,17
pété,17
flixbus,17
dirai,17
donent,17
échange,17
entier,17
tombent,17
hausman,17
2min,17
mobilisation,17
13h30,17
36,17
atendait,17
soutien,17
acompagner,17
retraite,17
27,17
prie,17
sentait,17
2017,17
fuite,17
rond,17
miliers,17
15mn,17
salon,17
terain,17
disney,17
reportage,17
inadmisible,17
ht,17
aperçu,17
centaines,17
replay,17
pasera,17
alsace,17
traficparis,17
manuelvals,17
re,17
htp,17
vileneuve,17
germain,17
boisy,17
servir,17
propos,17
poubeles,17
frarou,17
irlandais,17
repéré,17
augmenté,17
volé,16
risques,16
mots,16
rare,16
3ème,16
conase,16
45min,16
jt,16
charger,16
bruits,16
explosion,16
marchent,16
moindre,16
gl,16
bagages,16
ceinture,16
intercité,16
etoile,16
option,16
auto,16
remplir,16
dale,16
76,16
pain,16
jeux,16
achète,16
aimé,16
25min,16
voisine,16
claquer,16
wlh,16
courent,16
sup,16
beles,16
fun,16
2000,16
absence,16
vidéos,16
snaps,16
repos,16
prévus,16
bise,16
bizares,16
espérant,16
pickpockets,16
hum,16
table,16
vérifier,16
pouraient,16
promo,16
casquete,16
al,16
z,16
saoule,16
refait,16
rénovation,16
ridicule,16
respirer,16
habiler,16
parisiene,16
moments,16
concerne,16
controleurs,16
règle,16
charme,16
mène,16
taux,16
là-bas,16
plomb,16
pasager,16
sandwich,16
16h30,16
taile,16
chantent,16
festival,16
dévelopement,16
metait,16
rencontré,16
dégueulase,16
pantin,16
déviation,16
séance,16
vides,16
oblige,16
cousin,16
fume,16
pervers,16
parlez,16
cousine,16
électriques,16
airbus,16
rouges,16
mater,16
pouriez,16
bilan,16
dise,16
étudiants,16
infotraficperso,16
resto,16
ronaldo,16
françois,16
jetais,16
magasins,16
10h30,16
bruh,16
rochele,16
inutile,16
vien,16
préparation,16
grile,16
chiotes,16
charge,16
signal,16
tweter,16
régions,16
achat,16
tec,16
répondu,16
poitiers,16
xptdr,16
1000,16
câble,16
vendu,16
premiers,16
soi,16
matinée,16
bouteiles,16
cetait,16
afp,16
gow,16
kif,16
piza,16
échanger,16
arnaque,16
francais,16
inscription,16
actions,16
routière,16
signature,16
ocupe,16
22:00,16
présents,16
ouvertes,16
ligne2,16
bigdata,16
célébration,16
haute,15
reims,15
terme,15
sachez,15
corespondances,15
dangereux,15
dix,15
plaît,15
asoie,15
ofrir,15
agrese,15
intempéries,15
pièces,15
mdit,15
directeur,15
statut,15
asoient,15
réaction,15
dab,15
shit,15
croyait,15
vache,15
doucement,15
covoiturage,15
periscope,15
10mn,15
durée,15
miskine,15
auj,15
aix,15
silence,15
aprends,15
remboursé,15
avancer,15
valable,15
épreuve,15
souvenirs,15
primaire,15
espèce,15
rajouter,15
casent,15
maisons,15
mesages,15
sure,15
toucher,15
jurez,15
57,15
roulé,15
amoureux,15
fière,15
donées,15
locaux,15
it,15
humour,15
clichy,15
tenue,15
remet,15
ligne4,15
desous,15
montés,15
zéro,15
seré,15
marketing,15
hahaha,15
citymaper,15
bizarement,15
victimes,15
my,15
by,15
gogle,15
men,15
acte,15
expérience,15
fail,15
fortement,15
chaufer,15
acéder,15
bourés,15
gratuité,15
york,15
porté,15
fret,15
permetent,15
fêter,15
racailes,15
plainte,15
habilé,15
certaine,15
hidalgo,15
études,15
jaune,15
retirer,15
bug,15
pétition,15
partager,15
angletere,15
défiler,15
principe,15
enculé,15
plaque,15
tendu,15
tournan,15
gdn,15
maintenance,15
pop,15
captaintrain,15
poids,15
réservé,15
ratrapé,15
work,15
centre-vile,15
asuré,15
44,15
disparu,15
étoile,15
mérite,15
touché,15
feux,15
indiquer,15
11h30,15
fortes,15
engueuler,15
bh,15
aha,15
patience,15
aulnay,15
valider,15
rose,15
smartphone,15
gêne,15
signes,15
cfdt,15
cable,15
fermés,15
comptez,15
manche,15
couac,15
islande,15
peuple,15
ligne6ratp,15
griezman,15
gagnent,15
jungle,15
fiersdetrebleus,15
forcé,14
marine,14
écoutent,14
irai,14
contraire,14
souvenir,14
écoutant,14
expliquez,14
aujd,14
pasez,14
autrement,14
interdire,14
ptin,14
tirer,14
publics,14
alarme,14
côte,14
jspr,14
job,14
remarquer,14
bails,14
japon,14
sales,14
soutenir,14
bsr,14
dansletgv,14
policiers,14
espere,14
aimes,14
do,14
publicités,14
remember,14
queles,14
record,14
pleuré,14
story,14
emanuelmacron,14
laisent,14
nîmes,14
inconus,14
rêver,14
pièce,14
trkl,14
discusion,14
parlant,14
bts,14
positif,14
pdg,14
leve,14
abus,14
conerie,14
poil,14
aprend,14
semblant,14
remplis,14
mouvements,14
canicule,14
32,14
miracle,14
chopé,14
penses,14
garantie,14
web,14
roues,14
quid,14
proximité,14
jardin,14
percuté,14
médias,14
20minutes,14
craint,14
impôts,14
nvm,14
di,14
capitale,14
crié,14
destin,14
flash,14
sketch,14
épisode,14
istanbul,14
nkm,14
descendue,14
fameux,14
journe,14
terible,14
tokyo,14
ui,14
lavent,14
rentres,14
pari,14
rueil,14
antoine,14
étage,14
teste,14
colision,14
cheles,14
fleuve,14
chiale,14
relais,14
paname,14
entière,14
agreser,14
hauteur,14
fier,14
dificultés,14
tué,14
tlm,14
ferai,14
tapent,14
brevet,14
publique,14
sone,14
investit,14
usager,14
pensant,14
six,14
meaux,14
hurle,14
lequipe,14
plutot,14
présence,14
camions,14
ratrapage,14
alaient,14
poule,14
pouvez-vous,14
poulet,14
marquer,14
santé,14
plains,14
valérie,14
posibilité,14
palaiseau,14
géant,14
anulés,14
inquiète,14
moteur,14
côtés,14
paris-montparnase,14
coparischateau,14
papiers,14
servent,14
regards,14
serieux,14
mailots,14
sfr,14
sauna,14
sisoko,14
bagage,14
insérer,14
coworking,14
préfecturedepolice,14
lisbone,14
bom,13
vtc,13
beurete,13
claque,13
voire,13
avez-vous,13
râle,13
800,13
mantes,13
senti,13
oposé,13
remplacer,13
juré,13
vere,13
velo,13
fument,13
sentais,13
élevé,13
tristese,13
osé,13
cts,13
fery,13
abuser,13
travaileurs,13
tenté,13
élus,13
alah,13
asure,13
acidents,13
ju,13
promet,13
espérons,13
k.o,13
39,13
créteil,13
louche,13
apuyer,13
comision,13
enquête,13
présenter,13
logement,13
asois,13
véhicule,13
blonde,13
puait,13
anulation,13
vomi,13
deo,13
rmclive,13
transférer,13
aidé,13
ciel,13
kmh,13
voyais,13
51,13
gamines,13
instaler,13
quels,13
ciné,13
creil,13
grenoble,13
sourit,13
city,13
gifler,13
stib,13
cache,13
dernières,13
blog,13
parole,13
pousent,13
harcèlement,13
écouteur,13
reçois,13
clermont,13
boules,13
rythme,13
trempée,13
hm,13
rtm,13
budget,13
magasin,13
azy,13
vacs,13
mémoire,13
skate,13
étone,13
buz,13
explications,13
ataquer,13
croirait,13
portiques,13
promis,13
arêtait,13
real,13
aprèm,13
turquie,13
tlr,13
transpolebus,13
nuitdebout,13
plaine,13
bosent,13
sonerie,13
météo,13
dormait,13
agresé,13
ouigosncf,13
touristique,13
types,13
fo,13
imprimer,13
confortable,13
ligne6,13
criait,13
beaufs,13
kfc,13
sauté,13
sortait,13
gloire,13
rage,13
auprès,13
92,13
enceintes,13
vas-y,13
you,13
38,13
marseilais,13
vélodrome,13
amsterdam,13
solutions,13
meurt,13
montré,13
paix,13
nerfs,13
lorsqu,13
aventure,13
stalingrad,13
wc,13
forcer,13
doubler,13
hiver,13
capté,13
piquer,13
klaxone,13
oe,13
coupure,13
diférentes,13
pret,13
épaule,13
âme,13
critique,13
angoise,13
jvai,13
1h20,13
perturbée,13
censée,13
construction,13
coucher,13
don,13
alemande,13
cadeau,13
lignesnetusncf,13
ptite,13
céder,13
économie,13
asosadur,13
manon,13
beh,13
concernant,13
hauts,13
champs-elysées,13
rambouilet,13
show,13
torcy,13
gère,13
seules,13
fiche,13
tentative,13
venant,13
capacité,13
avignon,13
deservie,13
pecrese,13
impact,13
anule,13
sncfinfoprese,13
suspension,13
bureau,13
psl,13
supose,13
puer,13
astuce,13
provenance,13
ligne1,13
génie,13
mi-temps,13
alongements,13
islandais,13
condamnée,13
priorité,13
admdtour,13
abo,13
sénégal,13
blogueur,13
automobiliste,13
virtuele,13
france-portugal,13
presé,12
remarqué,12
thune,12
transforme,12
enuie,12
net,12
frein,12
sui,12
acordéon,12
num,12
77,12
aniv,12
pres,12
ivre,12
grmc,12
comander,12
conducteurer,12
neige,12
volonté,12
objectif,12
routine,12
pages,12
cheminot,12
huit,12
virage,12
énerver,12
théorie,12
evry,12
one,12
imaginer,12
chocolat,12
priori,12
retenu,12
texte,12
2018,12
présentation,12
ofert,12
jles,12
chemise,12
évacuation,12
choque,12
réserve,12
metropolerenes,12
bâtard,12
studio,12
lumières,12
irlande,12
pase-t-il,12
sourcils,12
politiques,12
chansons,12
flipant,12
enlève,12
phone,12
décision,12
comité,12
venais,12
lié,12
k,12
capte,12
mskn,12
cabine,12
beaudetstephane,12
kebab,12
présidente,12
manifestations,12
macdo,12
tan,12
beauf,12
klaxoner,12
amendes,12
zbeul,12
demie,12
55,12
réponses,12
balader,12
pyjama,12
dépêcher,12
laz,12
déjeuner,12
afpfr,12
pele,12
espagnol,12
excelent,12
extérieur,12
fromage,12
sûreté,12
om,12
dizaines,12
perte,12
payés,12
37,12
efets,12
imense,12
blocage,12
52,12
déveloper,12
position,12
danger,12
inovation,12
patate,12
200m,12
dunkerque,12
générale,12
galererafr,12
roulera,12
regardaient,12
rosa,12
bustram,12
garçon,12
gratuits,12
roubaix,12
feuile,12
prolongement,12
bleue,12
magenta,12
malades,12
ema,12
changez,12
militaire,12
quartiers,12
virer,12
failis,12
debut,12
voulaient,12
pasion,12
idem,12
importants,12
quart,12
nule,12
tabac,12
congés,12
lache,12
lexpres,12
avt,12
déviations,12
crâne,12
ré,12
franciliens,12
dames,12
partait,12
refusent,12
terase,12
cigarete,12
suise,12
sites,12
forfait,12
malveilance,12
tit,12
prévention,12
maxime,12
cv,12
retourné,12
familes,12
procès,12
3g,12
quatre,12
combo,12
400,12
discuter,12
araignée,12
blablacar,12
voyait,12
carnet,12
caca,12
méga,12
insultes,12
ouigo,12
ministre,12
poursuivre,12
notament,12
lèvres,12
honeur,12
siècle,12
certes,12
considérer,12
letres,12
nrv,12
palais,12
t2ratp,12
musée,12
veuilez,12
crème,12
lignel,12
ranger,12
théâtre,12
suplémentaires,12
clip,12
rapidement,12
comportement,12
verai,12
dépase,12
suicider,12
abonements,12
instalé,12
ongles,12
précis,12
dma,12
ét,12
1.,12
chris,12
oups,12
bel,12
électricité,12
riche,12
ferment,12
vote,12
mortel,12
troyes,12
demi-tour,12
humain,12
bin,12
langue,12
malaises,12
po,12
étudiant,12
a.,12
symbole,12
roumain,12
bac2016,12
périph,12
choisir,12
calculer,12
portugaise,12
pleurent,12
score,12
chers,12
docseventv,12
mises,11
préavis,11
regrete,11
relation,11
explose,11
escale,11
chanté,11
régime,11
banque,11
usagersncf,11
crée,11
niort,11
forêt,11
chômage,11
ligne13ratp,11
motivation,11
contrôles,11
manifester,11
automatique,11
loraine,11
murs,11
fre,11
rtl,11
enculés,11
apartement,11
gentile,11
aimais,11
existait,11
forcent,11
livraison,11
hotel,11
chloé,11
qnd,11
7h15,11
boufon,11
bibi,11
dirige,11
stminfo,11
lefigaro,11
élèves,11
londonien,11
alons,11
chifres,11
ligneh,11
pires,11
bz,11
lute,11
prénom,11
coincer,11
blabla,11
scot,11
moque,11
compagnies,11
uvre,11
kevin,11
oncle,11
papi,11
spectacle,11
poli,11
central,11
94,11
câlin,11
chanteur,11
sardines,11
airfrancefr,11
devriez,11
partenariat,11
alain,11
comptes,11
légèrement,11
ecoute,11
letre,11
self,11
japonais,11
descendant,11
déçu,11
climatisé,11
forces,11
48,11
recharger,11
entré,11
retenir,11
conversations,11
handicapés,11
renouvelement,11
traversée,11
blindés,11
plu,11
nike,11
habitent,11
ctsinfostrafic,11
pénible,11
colère,11
pv,11
pete,11
travailent,11
ligne7ratp,11
tenais,11
département,11
anciens,11
1eravril,11
tj,11
premiere,11
retardés,11
insolite,11
maquilée,11
22h30,11
chope,11
goglealerts,11
not,11
pigeon,11
tousa,11
joli,11
voleurs,11
tacos,11
copines,11
guide,11
vit,11
détails,11
ga,11
talent,11
jm,11
gps,11
bouchon,11
lecture,11
piste,11
cage,11
trace,11
bétail,11
lentement,11
charleroi,11
filiale,11
fraudeurs,11
pistes,11
laret,11
plaignent,11
circulera,11
selfie,11
galere,11
meileurs,11
dizaine,11
taobustram,11
beauté,11
écrasé,11
retrait,11
facilement,11
fleurs,11
numero,11
roue,11
jupe,11
fierté,11
desert,11
cerveau,11
deteste,11
magie,11
imobilier,11
chialer,11
hurlent,11
débile,11
derniere,11
disaient,11
cherchez,11
racaile,11
négociation,11
parie,11
grevesncf,11
viliers,11
centimes,11
lel,11
nantere-prefecture,11
vies,11
renverser,11
tchip,11
cancer,11
perds,11
costume,11
handicapé,11
craquer,11
slogan,11
imobilisé,11
chances,11
sympas,11
materiel,11
raciste,11
calmez,11
mobile,11
mnt,11
levalois,11
ete,11
continuent,11
montreuil,11
totale,11
karma,11
maquilage,11
vénère,11
nécesaire,11
nombreuses,11
four,11
rome,11
répétition,11
surement,11
chate,11
ptites,11
.vpecrese,11
tentant,11
and,11
respecte,11
comuniquer,11
convention,11
piétons,11
isy,11
urbain,11
renseigner,11
rénover,11
dédicace,11
crari,11
galois,11
abrutis,11
octobre,11
garage,11
flixbusfr,11
arène,11
départs,11
metant,11
pensent,11
comentaire,11
gisors,11
défilé,11
pourir,11
choquer,11
m.,11
livret,11
pikachu,11
clairefontaine,11
capturer,11
imprime,11
chats,11
ptits,10
lyonais,10
haleine,10
sarceles,10
lisant,10
avantages,10
marion,10
chantiers,10
remis,10
spoiler,10
mur,10
kan,10
tien,10
suspects,10
bouquin,10
servi,10
mensonge,10
jésus,10
autonome,10
sons,10
balancer,10
discret,10
ptet,10
vibre,10
dépenser,10
7h50,10
centrale,10
propreté,10
asociation,10
mari,10
soif,10
sexuele,10
hihi,10
what,10
acent,10
plupart,10
usine,10
journées,10
bazar,10
louis,10
alpes,10
calcule,10
chaise,10
perspective,10
guitare,10
caré,10
plait,10
couper,10
logistique,10
punaise,10
rmcinfo,10
thalys,10
aidez,10
abuse,10
bain,10
pul,10
douane,10
luter,10
pau,10
dme,10
soirées,10
arêtés,10
promeses,10
opération,10
physique,10
insta,10
large,10
mince,10
46,10
diesel,10
opose,10
briser,10
ilimitée,10
poteau,10
touriste,10
tracé,10
ecrit,10
math,10
faible,10
évitez,10
salaire,10
fuir,10
babtou,10
nouriture,10
reveiler,10
croises,10
continuez,10
policier,10
black,10
jcomence,10
posent,10
cri,10
bébés,10
reconais,10
thug,10
fixé,10
bahut,10
maelbek,10
journaux,10
rapelé,10
pome,10
poursuit,10
poisondavril,10
asumer,10
balec,10
oublient,10
excuser,10
reve,10
merdique,10
sortit,10
croisent,10
nuits,10
maroc,10
besançon,10
clasique,10
david,10
argenteuil,10
scopit,10
découvre,10
hôpital,10
étranger,10
réelement,10
beauvais,10
aventures,10
frdesouche,10
racisme,10
dead,10
meileures,10
terpaca,10
courier,10
rêves,10
divers,10
armée,10
consulter,10
restaurant,10
repas,10
étrangers,10
maquiler,10
population,10
verdun,10
validé,10
tronche,10
perturbant,10
jambe,10
raconté,10
remplacé,10
couche,10
mojito,10
laisant,10
animaux,10
marchait,10
timing,10
feuiles,10
posibles,10
remise,10
demandes,10
culture,10
mignons,10
calmer,10
gos,10
ajouter,10
soulever,10
vus,10
tonton,10
aérien,10
séjour,10
clé,10
organiser,10
fauteuil,10
évacuer,10
escalators,10
courait,10
gilet,10
jusqua,10
guete,10
carefour,10
conseils,10
paniquer,10
pomes,10
gênée,10
some,10
filer,10
tiséo,10
eficacité,10
graile,10
aiguilage,10
twistocaen,10
pétard,10
yo,10
climatisés,10
européene,10
préviens,10
conexion,10
vacance,10
aiseles,10
probabilité,10
2m,10
trouves,10
combat,10
déranger,10
sympathique,10
situé,10
bâtiment,10
courts,10
comparé,10
digérer,10
ouvrent,10
tafer,10
motivé,10
maintenu,10
dorment,10
forum,10
jsors,10
acompagne,10
ferait,10
paiement,10
écart,10
clime,10
corbeil,10
goût,10
gay,10
rtlfrance,10
exagérer,10
distributeur,10
games,10
origine,10
paysage,10
amoureuse,10
ger,10
croisée,10
chips,10
grèce,10
perache,10
kife,10
nid,10
made,10
comprenez,10
progresive,10
deservis,10
mi,10
reflet,10
pénurie,10
située,10
bondés,10
marie,10
drame,10
prevu,10
sauver,10
confirmation,10
réforme,10
tension,10
descente,10
balance,10
jouez,10
manager,10
adieu,10
ilimité,10
porc,10
chargé,10
56,10
fucking,10
denfert,10
buée,10
poursuite,10
vaches,10
tunels,10
140,10
sauce,10
l1,10
sufisant,10
plaint,10
mrxkevin,10
remboursez,10
ligne7,10
120,10
tire,10
déo,10
flic,10
sory,10
compréhension,10
pnl,10
frngodefroy,10
itinéraires,10
proposent,10
kilomètres,10
esayez,10
dance,10
giroud,10
bières,10
arets,10
lac,10
faisaient,10
21h30,10
rasemblement,10
eficace,10
verais,10
perdus,10
retire,10
manif5juilet,10
coman,10
montrouge,10
esais,10
porwal,10
provoque,10
sauvé,10
arbitre,10
autorisée,10
fauché,10
spéciale,9
ventre,9
3eme,9
obtenir,9
comences,9
ojd,9
dubaï,9
fonctionement,9
repars,9
blinde,9
humanité,9
apéro,9
casée,9
valencienes,9
future,9
médecine,9
joyeux,9
frontière,9
mohamed,9
suplémentaire,9
2016.,9
comandé,9
bd,9
roulant,9
paul,9
trouvent,9
ereurs,9
arange,9
drogue,9
marchant,9
capuche,9
escalator,9
hs,9
étoufer,9
certainement,9
île-de-france,9
découvert,9
syndrome,9
7h20,9
medianextv,9
hary,9
poter,9
munich,9
béziers,9
parlaient,9
matière,9
comprenais,9
artistes,9
centres,9
cho,9
puis-je,9
largement,9
best,9
décroche,9
libéralisation,9
oreile,9
cordialement,9
prolonger,9
devez,9
vingtaine,9
brétigny,9
front,9
négocier,9
soin,9
sortez,9
rates,9
jtrouve,9
lucie,9
chase,9
bim,9
72,9
tro,9
chausetes,9
music,9
plastique,9
brûlé,9
cible,9
chartres,9
grace,9
moyene,9
participation,9
gréviste,9
habitudes,9
branleurs,9
06,9
lmonde,9
paire,9
corée,9
antilais,9
bientot,9
iledefrance,9
basket,9
chouete,9
ligne8ratp,9
organise,9
forts,9
busines,9
décidément,9
cuir,9
comerce,9
tourcoing,9
volume,9
investir,9
okay,9
ahaha,9
ateindre,9
colmar,9
ql,9
pasages,9
seins,9
étonant,9
embauche,9
sexuel,9
marathon,9
endors,9
rasure,9
rapelez,9
suivez,9
choc,9
philo,9
retraités,9
mariage,9
is,9
atelier,9
patrimoine,9
intéresant,9
rigolo,9
quant,9
ndl,9
jaime,9
abords,9
courneuve,9
cergy-le-haut,9
alo,9
chateau,9
boite,9
fenetre,9
aveugle,9
paient,9
6h55,9
renoie,9
partira,9
revenant,9
voyons,9
rade,9
pers,9
comentaires,9
rôle,9
avancé,9
2015,9
gratos,9
colée,9
t4,9
54,9
partit,9
inventé,9
open,9
airfrance,9
hurler,9
genou,9
majorité,9
def,9
bruxelois,9
ep,9
second,9
sncfdigital,9
présente,9
litéralement,9
cd,9
gagnants,9
tronçon,9
réduc,9
fumée,9
inconue,9
covoit,9
survivre,9
évacué,9
feront,9
national,9
coûté,9
instale,9
6ème,9
usage,9
50min,9
explosé,9
sud-rail,9
relier,9
prêts,9
confirmé,9
mamies,9
pouah,9
cramer,9
freine,9
criant,9
vision,9
reveil,9
proches,9
précision,9
tou,9
orage,9
suivent,9
secret,9
guichets,9
îl,9
estimé,9
chapele,9
chéri,9
ahahah,9
jtm,9
maître,9
monopole,9
got,9
particulier,9
hate,9
âgées,9
permetra,9
costard,9
twisto,9
tele,9
payes,9
antony,9
roulait,9
t6,9
ful,9
déficit,9
malheur,9
anoncés,9
température,9
régler,9
continu,9
b.,9
revenue,9
omnibus,9
concerné,9
production,9
référence,9
startup,9
chaude,9
déodorant,9
rtcquebec,9
montagne,9
démaré,9
phrase,9
patrick,9
boule,9
louer,9
klaxonent,9
pensait,9
facture,9
pref,9
contrôlé,9
arche,9
bourbier,9
puisant,9
métrobus,9
apelent,9
naturel,9
nature,9
uberfr,9
rivière,9
étrangler,9
prétexte,9
clopes,9
juge,9
jatend,9
rencontrer,9
isilines,9
2021,9
disparition,9
bancaire,9
seigneur,9
provins,9
chérie,9
âgée,9
ouloulou,9
recrutement,9
témoins,9
comunity,9
ariverai,9
twitos,9
drapeaux,9
crazyteamd,9
concorde,9
choisi,9
mignone,9
nocturne,9
utilisateurs,9
vécu,9
paniqué,9
couler,9
sincèrement,9
mauvaises,9
avtermel,9
garé,9
economie,9
bio,9
velib,9
serer,9
province,9
aides,9
retiré,9
sélection,9
ic,9
superbe,9
quil,9
ris,9
imeuble,9
t3,9
pet,9
remercier,9
colonie,9
cdt,9
buts,9
sexy,9
mimi,9
photosncf,9
transporte,9
nu,9
jaurès,9
ratrapages,9
sacre,9
transdev,9
directidf,9
cite,9
fause,9
zimbabwe,9
vilepinte,9
ralentisements,9
tourisme,9
cr7,9
loris,9
alezlesbleus,9
dauphine,9
bla,9
potentiele,9
israéliens,9
verts,8
streser,8
pleurs,8
cp,8
adapté,8
pdnt,8
présentement,8
cadres,8
vomis,8
començait,8
tas,8
précise,8
zapé,8
habites,8
park,8
tolérer,8
contrairement,8
militaires,8
cese,8
koi,8
jdis,8
exploitation,8
fédération,8
apuie,8
déplace,8
58,8
interne,8
belges,8
45mn,8
jmonte,8
tom,8
source,8
longues,8
mama,8
lesechos,8
endormais,8
easy,8
batards,8
ados,8
valence,8
débarque,8
scoter,8
c.,8
é,8
ecouteurs,8
chambéry,8
dangereuse,8
cam,8
korben,8
ratrape,8
nicolas,8
mor,8
qch,8
loupes,8
restant,8
yaura,8
2nde,8
honêtement,8
religion,8
normaux,8
surface,8
traîner,8
bien-sûr,8
recu,8
aglo,8
cf,8
reprends,8
investisement,8
livrer,8
torture,8
dégoûte,8
eme,8
technologie,8
500m,8
divia,8
définitivement,8
ligne5ratp,8
fholande,8
vomit,8
ç,8
oeuvre,8
mika,8
éteindre,8
revue,8
titres,8
etc.,8
traversé,8
jpase,8
tp,8
remplace,8
talheur,8
acepter,8
madou,8
lancement,8
transit,8
dakar,8
8h20,8
coupée,8
tiré,8
comprenent,8
limites,8
prévision,8
voile,8
notes,8
signifie,8
juliete,8
coach,8
marge,8
4h30,8
galerer,8
transpoleactu,8
persan,8
jconais,8
désagréable,8
bibliothèque,8
kifer,8
particulièrement,8
gonfle,8
gerber,8
camp,8
joueur,8
premières,8
vélib,8
ramené,8
p.,8
morandiniblog,8
aprête,8
pus,8
sin,8
jalouse,8
extrême,8
consignes,8
tardive,8
conaisais,8
sonores,8
cramé,8
belge,8
armes,8
aéroports,8
sociaux,8
écoles,8
habitants,8
chapeau,8
finances,8
disparaît,8
t1,8
zidane,8
réalisé,8
tata,8
pti,8
intense,8
caténaire,8
66minutes,8
acrocher,8
teritoire,8
étude,8
bxl,8
mlv,8
reporter,8
réflexion,8
boulogne,8
bad,8
grate,8
veras,8
achete,8
parks,8
san,8
maximum,8
ouverts,8
détourné,8
voudrait,8
inondation,8
déception,8
ane,8
emanuelteboul,8
joies,8
animal,8
dinguerie,8
opendata,8
emprunter,8
équivalent,8
résa,8
afichent,8
inclus,8
planète,8
chelsea,8
dégage,8
payent,8
gas,8
préciser,8
aplique,8
détours,8
mails,8
discusions,8
remplacent,8
tite,8
afectant,8
entreprises,8
êt,8
ecole,8
réglé,8
cloud,8
bondy,8
distribution,8
propres,8
martin,8
défendre,8
activité,8
be,8
tél,8
prefere,8
scandaleux,8
2014,8
yeah,8
apartient,8
transporteur,8
modèle,8
vais-je,8
énervé,8
incompétents,8
fumé,8
asousagersidf,8
faits,8
robinson,8
louise,8
cinq,8
lemondefr,8
batent,8
promotion,8
cuire,8
paralèle,8
merveileux,8
ralentir,8
conduisent,8
sr,8
idiots,8
portait,8
chargée,8
amélioration,8
heu,8
7h45,8
boulet,8
securite,8
raisonable,8
coco,8
syndicat,8
tube,8
dormis,8
paumé,8
sucès,8
saint-lazare,8
épique,8
3x,8
usb,8
gentils,8
renais,8
misterfoxap,8
madrid,8
ariverais,8
ch,8
vrm,8
informé,8
répète,8
camile,8
c6,8
tienent,8
ue,8
voter,8
avertir,8
justificatif,8
profitez,8
loupée,8
balerines,8
ado,8
oim,8
monstre,8
souriant,8
flou,8
rit,8
juger,8
mitry,8
bagnole,8
casés,8
350,8
pbs,8
cgtcheminots,8
management,8
bagare,8
musiciens,8
règles,8
sorties,8
ours,8
2mn,8
probablement,8
obligés,8
chinoise,8
quentin,8
retweted,8
m2,8
sm,8
eske,8
retiens,8
défi,8
etl,8
exploit,8
noël,8
brie,8
mosquée,8
emporter,8
voyagesncfbp,8
mfait,8
dej,8
amateur,8
demandez,8
ligne5,8
discrètement,8
rentable,8
mystère,8
smileytrains,8
lèvre,8
justifie,8
conaisance,8
aprs,8
acepté,8
fake,8
cuite,8
bo,8
2nd,8
klaxoné,8
jurer,8
caseurs,8
excuses,8
3min,8
africaine,8
pc,8
loyers,8
résume,8
fouilé,8
yvetot,8
parceque,8
économique,8
gar,8
nausée,8
luxe,8
serait-il,8
dosiers,8
inteligent,8
aparaît,8
embrouiler,8
stoper,8
gave,8
08,8
devaient,8
prolongation,8
ligne8,8
foyer,8
check,8
propriétaire,8
paris-bordeaux,8
chili,8
pilotes,8
enorme,8
bal,8
financer,8
excès,8
ouin,8
jvoi,8
sqy,8
paraît,8
trouvais,8
tenu,8
benzema,8
atroce,8
diférent,8
stationement,8
3635,8
panier,8
jet,8
inexistant,8
alonger,8
canapé,8
éclater,8
usa,8
mépris,8
insulté,8
perdues,8
toc,8
mate,8
knysna,8
vivent,8
gafe,8
clignancourt,8
cherché,8
fight,8
73,8
retrouves,8
dés,8
liste,8
rembourse,8
étampes,8
vachement,8
auchan,8
recomencer,8
moches,8
lux,8
dénonce,8
bang,8
130,8
marches,8
fouiler,8
provoqué,8
madeleine,8
zones,8
coureurs,8
lapin,8
artifice,8
décalé,8
conduis,8
cap,8
freiner,8
boit,8
aubagne,8
décider,8
tgvpop,8
france-alemagne,8
dublin,8
conseildeparis,8
arivais,8
nanas,8
17h45,8
stratégie,8
vendent,8
peint,8
conscience,8
325,8
flem,8
tartinex,8
retrouvez,8
bourget,8
lci,8
rio2016,8
cycliste,8
ligneslaj,8
actutransilien,8
respectent,8
laink,8
feq,8
gna,8
caméras,7
géré,7
gdarmanin,7
ateri,7
10ans,7
flux,7
profil,7
gvt,7
mener,7
éducation,7
locale,7
transportant,7
tpmp,7
devoirs,7
fidélité,7
repond,7
mangent,7
pompe,7
67,7
btiloy,7
arêtée,7
objets,7
serein,7
lepoint,7
sal,7
intervale,7
13h45,7
arêtes,7
écoutait,7
brf,7
comique,7
lisent,7
intercites,7
amusent,7
polémique,7
lmum72,7
galéré,7
remplacés,7
range,7
demi-heure,7
clochards,7
pourez,7
alternative,7
consomateurs,7
acompagné,7
c3,7
cardiaque,7
remonte,7
emplois,7
low,7
mètre,7
klaxon,7
poches,7
digne,7
conecté,7
crache,7
8:30,7
mc,7
sheitan,7
modifier,7
reveile,7
aire,7
alger,7
serés,7
flipe,7
dileme,7
renouveler,7
pomé,7
etou,7
privatisation,7
rejoins,7
moi-même,7
caméra,7
contrôleuse,7
frères,7
oreiler,7
tenait,7
aplaudit,7
ew,7
vieu,7
poster,7
7:30,7
partais,7
moral,7
jcomprends,7
trouble,7
ème,7
trol,7
donait,7
rejoint,7
déconer,7
kebetu,7
chaises,7
jespere,7
2ans,7
partiels,7
validation,7
médecin,7
miens,7
flote,7
défoncer,7
émotions,7
ouh,7
jvs,7
félicitations,7
jarive,7
fixait,7
sourires,7
flipé,7
cuises,7
facon,7
jla,7
poireauter,7
chelous,7
6h15,7
falu,7
spéciaux,7
couscous,7
italien,7
prouve,7
demandait,7
dk,7
phase,7
traces,7
patrice,7
bourdindirect,7
gta,7
embrasent,7
ajouté,7
emerde,7
denis91230,7
cmb,7
joging,7
3km,7
construit,7
houiles,7
poto,7
lou,7
davantage,7
milion,7
matelas,7
novembre,7
1mois,7
jaunes,7
chargeur,7
space,7
répercusion,7
fiches,7
régulièrement,7
bonet,7
dépriment,7
sam,7
t3aratp,7
doc,7
pépy,7
excelente,7
débarquer,7
6h50,7
arme,7
patrouileurs,7
implique,7
étages,7
location,7
avk,7
branle,7
honête,7
engueule,7
désert,7
éteint,7
juska,7
formule,7
sein,7
infotiseo,7
600,7
azur,7
peinture,7
éphémère,7
emplacement,7
rebeux,7
viendra,7
invitons,7
orsay,7
apareil,7
directions,7
beuh,7
curieux,7
6h45,7
paies,7
italiens,7
inscrire,7
miene,7
pourie,7
keh,7
asisté,7
rétro,7
roux,7
ligne2ratp,7
camping,7
pot,7
décone,7
escorte,7
articles,7
paroles,7
pets,7
controle,7
plaignez,7
rungis,7
repose,7
vêtements,7
purée,7
posée,7
life,7
tpms,7
violon,7
descendais,7
malin,7
alex,7
énormément,7
risqué,7
chantant,7
sisi,7
utilisent,7
revu,7
anticiper,7
3ans,7
talh,7
dégueu,7
180,7
bandes,7
abruti,7
inauguration,7
tema,7
rtsi,7
faile,7
megabus,7
gérard,7
royal,7
manteau,7
2j,7
toz,7
presée,7
guêpe,7
49,7
repartie,7
blablacarfr,7
doublé,7
calculé,7
lose,7
mae,7
maudit,7
cogne,7
dark,7
publicité,7
paradis,7
lisa,7
valeur,7
natation,7
2002,7
cha,7
qs,7
auvergne,7
déprimer,7
fn,7
réclame,7
ralentit,7
dep,7
condamné,7
réduire,7
2s,7
bars,7
compiègne,7
tfou,7
montez,7
obligation,7
besoins,7
tranquilou,7
tn,7
nial,7
neufs,7
boivent,7
level,7
esayent,7
uns,7
réactivité,7
tapes,7
breaking,7
manquait,7
pack,7
planter,7
sont-ils,7
perturber,7
machines,7
péage,7
barbu,7
piano,7
colent,7
nuls,7
touchent,7
cuit,7
ouestfrance,7
gel,7
clem,7
42,7
rarement,7
shoping,7
esbly,7
caler,7
resembler,7
vague,7
8h10,7
loue,7
sonore,7
organisé,7
humaine,7
jaja,7
repensant,7
netoyer,7
échanges,7
vernis,7
musulman,7
vine,7
délai,7
libres,7
éco,7
mulhouse,7
darons,7
lheure,7
excusez,7
jsu,7
fortune,7
déchets,7
rond-point,7
cs,7
sentez,7
hyperlop,7
dépasé,7
présenté,7
vileurbane,7
gr,7
boy,7
ramaser,7
idéal,7
fesait,7
-le,7
chewing-gum,7
pl,7
géniale,7
nb,7
jalais,7
ratée,7
bourse,7
riant,7
violences,7
mp,7
mario,7
kifé,7
coute,7
soulé,7
copains,7
trp,7
barières,7
georges,7
ménage,7
stan,7
minicats17,7
relous,7
rip,7
obs,7
rocade,7
musulmans,7
jmen,7
carton,7
sauvage,7
bourgeoise,7
suivie,7
mega,7
fringues,7
pneus,7
imp,7
god,7
safe,7
figaro,7
78,7
sociale,7
votez,7
110,7
rafineries,7
retarder,7
700,7
16h45,7
demandais,7
remarques,7
éclaté,7
viol,7
flandre,7
traite,7
pur,7
asistance,7
incompréhensible,7
idk,7
rmcsport,7
kiosques,7
lèvent,7
1h10,7
cependant,7
pecho,7
compétition,7
floqué,7
problemes,7
viroflay,7
poignet,7
minable,7
dispositif,7
sautent,7
sncf..,7
repart,7
yavai,7
pigeons,7
jregarde,7
souhaitez,7
chie,7
crains,7
javel,7
250,7
21h00,7
dones,7
exact,7
scred,7
deviens,7
crime,7
mélange,7
selena,7
manuel,7
fumigènes,7
signé,7
foutus,7
envoi,7
jdehornoy,7
moquer,7
regardes,7
cyclables,7
meudon,7
visa,7
perdent,7
43,7
lemans,7
restera,7
pouce,7
pathétique,7
efectuer,7
prochains,7
batu,7
deservant,7
1h40,7
2-3,7
arivez,7
râlent,7
papy,7
jouait,7
mile,7
faveur,7
ques,7
soldes,7
politese,7
ligne3ratp,7
noires,7
mexico,7
oeufs,7
ivry,7
auberviliers,7
autocar,7
chifre,7
62,7
violent,7
tsais,7
signale,7
alentours,7
remplie,7
7h49,7
jpaye,7
maudite,7
campus,7
pôle,7
jugé,7
tal,7
jcours,7
promese,7
cadavre,7
bos,7
prélèvement,7
rayon,7
foch,7
badge,7
gras,7
pakpak,7
portefeuile,7
coupable,7
périple,7
rabat,7
lorient,7
periph,7
ligne13,7
frairl,7
chefs,7
bpce,7
bip,7
niquel,7
baré,7
oreilete,7
prévenu,7
gabrielkdr,7
planing,7
vot,7
ramene,7
informe,7
tests,7
démantèlement,7
pas..,7
pleurais,7
oubliée,7
trotoirs,7
divy,7
réparer,7
chachag,7
croisant,7
télétravail,7
manquent,7
geolocaux,7
cologne,7
violement,7
elao,7
dédié,7
embraser,7
reine,7
isaxmn,7
techno,7
japanexpo2016,7
kdr3316,7
éventuele,7
décembre,7
endroits,7
ataqué,7
mesaventurebrice,7
lignj,7
android,7
miliard,7
délégation,7
080716,7
latre,7
tasigny,7
80716,7
vandalisé,7
ameldjzr,7
totalfot,7
vainqueur,7
libanais,7
chaotique,7
fredy,7
snif,6
pédales,6
galieni,6
anoncent,6
sah,6
racontent,6
couteau,6
sensé,6
chevile,6
viele,6
notif,6
engagement,6
pointes,6
salaires,6
9h20,6
comuns,6
wouah,6
chantaient,6
mathieu,6
déja,6
améliore,6
portilons,6
reseau,6
crotes,6
périscope,6
gâteau,6
sourient,6
mademoisele,6
laval,6
satisfaction,6
bleser,6
maîtrise,6
slasherfun,6
américain,6
.et,6
mona,6
postes,6
dirigeants,6
airbnb,6
sports,6
piges,6
gentilese,6
ange,6
voilée,6
décale,6
revanche,6
scènes,6
tvm,6
jen,6
lr,6
interpele,6
arf,6
zen,6
exam,6
concrètement,6
restez,6
pues,6
difuser,6
pascal,6
maj,6
part-dieu,6
rive,6
violer,6
washington,6
sos,6
hehe,6
dois-je,6
7h40,6
plateau,6
emerder,6
copie,6
dénoncer,6
verez,6
tej,6
fonctionent,6
montreal,6
gendarmerie,6
recomande,6
heure-ci,6
rasurant,6
déguisé,6
sosusagers,6
barbus,6
fasent,6
respire,6
dec,6
casa,6
controleurpm733,6
rageux,6
aple,6
bombes,6
parmi,6
tones,6
reusi,6
adidas,6
disneyland,6
mtl,6
ol,6
sème,6
produit,6
conv,6
embarqué,6
surveilance,6
interdiction,6
métropole,6
cogner,6
pipi,6
saut,6
saoul,6
40mn,6
canard,6
satan,6
actuele,6
-j,6
comuniqué,6
tag,6
repayer,6
5ème,6
please,6
lion,6
adapte,6
amandine,6
blanches,6
embêter,6
mod,6
apnée,6
biaritz,6
frigo,6
pseudo,6
vodka,6
suspendu,6
catastrophe,6
saoulé,6
exams,6
vi,6
fondre,6
halte,6
soul,6
conaitre,6
am,6
bloquez,6
saturé,6
6h25,6
habilée,6
flaque,6
directrice,6
stationer,6
dja,6
republique,6
races,6
cfa,6
rares,6
placé,6
perturbés,6
ny,6
compare,6
définition,6
naze,6
devrai,6
atendra,6
opéra,6
mesieurs,6
étoner,6
liège,6
fantastique,6
aprécié,6
paumés,6
ajoute,6
rentrait,6
habituel,6
hype,6
international,6
osent,6
morceau,6
jingle,6
22min,6
noctilien,6
bonbons,6
craque,6
ecouter,6
oki,6
dacord,6
réservés,6
dévoile,6
misère,6
foire,6
vends,6
sereine,6
t3a,6
benzemasncf,6
condamnés,6
discrim,6
raciale..je,6
nordsud,6
gagnantperdant,6
voltaire,6
bourges,6
frites,6
instalations,6
puisqu,6
câbles,6
sn,6
mtnt,6
desiner,6
saouler,6
claire,6
t2,6
métrorer,6
filmé,6
sauvages,6
léger,6
flandres,6
populaire,6
teroristes,6
impresionant,6
généralement,6
fiesta,6
instagram,6
bataile,6
débauche,6
embrase,6
complément,6
rock,6
hi,6
croyant,6
colege,6
facteur,6
échec,6
thrones,6
auquel,6
hôtels,6
roms,6
félicite,6
talents,6
londoniens,6
pouras,6
acélération,6
reseaubustrav,6
jules,6
épaules,6
gentiment,6
pleuvoir,6
402,6
aplaudir,6
vivant,6
lafayete,6
squad,6
pen,6
renseignements,6
numérique,6